CREATE DATABASE  IF NOT EXISTS `k00999999_framework_16` /*!40100 DEFAULT CHARACTER SET latin1 COLLATE latin1_swedish_ci */;
USE `k00999999_framework_16`;
-- MySQL dump 10.13  Distrib 5.7.12, for Win64 (x86_64)
--
-- Host: 127.0.0.1    Database: k00999999_framework_16
-- ------------------------------------------------------
-- Server version	5.5.5-10.4.28-MariaDB

/*!40101 SET @OLD_CHARACTER_SET_CLIENT=@@CHARACTER_SET_CLIENT */;
/*!40101 SET @OLD_CHARACTER_SET_RESULTS=@@CHARACTER_SET_RESULTS */;
/*!40101 SET @OLD_COLLATION_CONNECTION=@@COLLATION_CONNECTION */;
/*!40101 SET NAMES utf8 */;
/*!40103 SET @OLD_TIME_ZONE=@@TIME_ZONE */;
/*!40103 SET TIME_ZONE='+00:00' */;
/*!40014 SET @OLD_UNIQUE_CHECKS=@@UNIQUE_CHECKS, UNIQUE_CHECKS=0 */;
/*!40014 SET @OLD_FOREIGN_KEY_CHECKS=@@FOREIGN_KEY_CHECKS, FOREIGN_KEY_CHECKS=0 */;
/*!40101 SET @OLD_SQL_MODE=@@SQL_MODE, SQL_MODE='NO_AUTO_VALUE_ON_ZERO' */;
/*!40111 SET @OLD_SQL_NOTES=@@SQL_NOTES, SQL_NOTES=0 */;

--
-- Table structure for table `chatmsg`
--

DROP TABLE IF EXISTS `chatmsg`;
/*!40101 SET @saved_cs_client     = @@character_set_client */;
/*!40101 SET character_set_client = utf8 */;
CREATE TABLE `chatmsg` (
  `msgID` int(11) NOT NULL AUTO_INCREMENT,
  `msgText` varchar(244) DEFAULT NULL,
  `dateTimeStamp` datetime DEFAULT current_timestamp(),
  `msgAuthorID` varchar(40) DEFAULT NULL,
  `userType` varchar(10) DEFAULT NULL,
  `msgTo` varchar(40) DEFAULT 'ALL',
  PRIMARY KEY (`msgID`)
) ENGINE=InnoDB AUTO_INCREMENT=6 DEFAULT CHARSET=latin1 COLLATE=latin1_swedish_ci;
/*!40101 SET character_set_client = @saved_cs_client */;

--
-- Dumping data for table `chatmsg`
--

LOCK TABLES `chatmsg` WRITE;
/*!40000 ALTER TABLE `chatmsg` DISABLE KEYS */;
/*!40000 ALTER TABLE `chatmsg` ENABLE KEYS */;
UNLOCK TABLES;

--
-- Table structure for table `country`
--

DROP TABLE IF EXISTS `country`;
/*!40101 SET @saved_cs_client     = @@character_set_client */;
/*!40101 SET character_set_client = utf8 */;
CREATE TABLE `country` (
  `id` int(11) NOT NULL,
  `country_name` varchar(255) NOT NULL
) ENGINE=InnoDB DEFAULT CHARSET=latin1 COLLATE=latin1_swedish_ci;
/*!40101 SET character_set_client = @saved_cs_client */;

--
-- Dumping data for table `country`
--

LOCK TABLES `country` WRITE;
/*!40000 ALTER TABLE `country` DISABLE KEYS */;
INSERT INTO `country` VALUES (1,'Afghanistan'),(2,'Albania'),(3,'Bahamas'),(4,'Bahrain'),(5,'Cambodia'),(6,'Cameroon'),(7,'Denmark'),(8,'Djibouti'),(9,'East Timor'),(10,'Ecuador'),(11,'Falkland Islands (Malvinas)'),(12,'Faroe Islands'),(13,'Gabon'),(14,'Gambia'),(15,'Haiti'),(16,'Heard and Mc Donald Islands'),(17,'Iceland'),(18,'India'),(19,'Jamaica'),(20,'Japan'),(21,'Kenya'),(22,'Kiribati'),(23,'Lao Peoples Democratic Republic'),(24,'Latvia'),(25,'Macau'),(26,'Macedonia'),(27,'Namibia'),(28,'Nauru'),(29,'Oman'),(30,'Pakistan'),(31,'Palau'),(32,'Qatar'),(33,'Reunion'),(34,'Romania'),(35,'Saint Kitts and Nevis'),(36,'Saint Lucia'),(37,'Taiwan'),(38,'Tajikistan'),(39,'Uganda'),(40,'Ukraine'),(41,'Vanuatu'),(42,'Vatican City State'),(43,'Wallis and Futuna Islands'),(44,'Western Sahara'),(45,'Yemen'),(46,'Yugoslavia'),(47,'Zaire'),(48,'Zambia');
/*!40000 ALTER TABLE `country` ENABLE KEYS */;
UNLOCK TABLES;

--
-- Table structure for table `county`
--

DROP TABLE IF EXISTS `county`;
/*!40101 SET @saved_cs_client     = @@character_set_client */;
/*!40101 SET character_set_client = utf8 */;
CREATE TABLE `county` (
  `idcounty` int(11) NOT NULL AUTO_INCREMENT,
  `countyName` varchar(45) DEFAULT NULL,
  PRIMARY KEY (`idcounty`)
) ENGINE=InnoDB AUTO_INCREMENT=100 DEFAULT CHARSET=latin1 COLLATE=latin1_swedish_ci;
/*!40101 SET character_set_client = @saved_cs_client */;

--
-- Dumping data for table `county`
--

LOCK TABLES `county` WRITE;
/*!40000 ALTER TABLE `county` DISABLE KEYS */;
INSERT INTO `county` VALUES (1,'Antrim'),(2,'Armagh'),(3,'Carlow'),(4,'Cavan'),(5,'Clare'),(6,'Cork'),(7,'Donegal'),(8,'Down'),(9,'Dublin'),(10,'DunLaoghaire-Rathdown'),(11,'Fermanagh'),(12,'Fingal'),(13,'Galway'),(14,'Kerry'),(15,'Kildare'),(16,'Kilkenny'),(17,'Laois'),(18,'Leitrim'),(19,'Limerick'),(20,'Londonderry'),(21,'Longford'),(22,'Louth'),(23,'Mayo'),(24,'Meath'),(25,'Monaghan'),(26,'North Tipperary'),(27,'Offaly'),(28,'Roscommon'),(29,'Sligo'),(30,'South Dublin'),(31,'South Tipperary'),(32,'Tipperary'),(33,'Tyrone'),(34,'Waterford'),(35,'Westmeath'),(36,'Wexford'),(37,'Wicklow'),(99,'Unknown County');
/*!40000 ALTER TABLE `county` ENABLE KEYS */;
UNLOCK TABLES;

--
-- Table structure for table `user`
--

DROP TABLE IF EXISTS `user`;
/*!40101 SET @saved_cs_client     = @@character_set_client */;
/*!40101 SET character_set_client = utf8 */;
CREATE TABLE `user` (
  `UserNr` int(11) NOT NULL AUTO_INCREMENT,
  `FirstName` varchar(45) NOT NULL,
  `LastName` varchar(45) NOT NULL,
  `PassWord` varchar(45) DEFAULT NULL,
  `email` varchar(45) NOT NULL,
  `mobile` varchar(45) DEFAULT NULL,
  `idcounty` int(11) NOT NULL,
  `userID` varchar(45) DEFAULT NULL,
  `userTypeNr` int(11) NOT NULL,
  `userEnabled` tinyint(4) DEFAULT 1,
  PRIMARY KEY (`UserNr`),
  UNIQUE KEY `email_UNIQUE` (`email`),
  UNIQUE KEY `userID_UNIQUE` (`userID`),
  KEY `fk_admin_county2_idx` (`idcounty`),
  KEY `fk_user_userType1_idx` (`userTypeNr`),
  CONSTRAINT `fk_admin_county2` FOREIGN KEY (`idcounty`) REFERENCES `county` (`idcounty`) ON DELETE NO ACTION ON UPDATE NO ACTION,
  CONSTRAINT `fk_user_userType1` FOREIGN KEY (`userTypeNr`) REFERENCES `usertype` (`userTypeNr`) ON DELETE NO ACTION ON UPDATE NO ACTION
) ENGINE=InnoDB AUTO_INCREMENT=1050 DEFAULT CHARSET=latin1 COLLATE=latin1_swedish_ci;
/*!40101 SET character_set_client = @saved_cs_client */;

--
-- Dumping data for table `user`
--

LOCK TABLES `user` WRITE;
/*!40000 ALTER TABLE `user` DISABLE KEYS */;
INSERT INTO `user` VALUES (1,'John','Smith','cf8f0c0d32522bc3d2ebe59d1fa46611d3369c96','jsmith@college.ie','0875869745',4,'jsmith@college.ie',1,1),(2,'Jane','Murphy','cf8f0c0d32522bc3d2ebe59d1fa46611d3369c96','janeh@mail.com','0871234567',13,'janeh@mail.com',3,1),(3,'Harry','Boland','cf8f0c0d32522bc3d2ebe59d1fa46611d3369c96','harry@lit.ie','01234567',2,'harry@lit.ie',3,1),(4,'James','Flannery','cf8f0c0d32522bc3d2ebe59d1fa46611d3369c96','flann@gmail.com','0875426987',3,'flann@gmail.com',2,1),(5,'James','Murphy','cf8f0c0d32522bc3d2ebe59d1fa46611d3369c96','james@framework.com','0862356897',19,'james@framework.com',3,1),(6,'Jack','McKeown','cf8f0c0d32522bc3d2ebe59d1fa46611d3369c96','jack@lit.ie','0875458745',8,'jack@lit.ie',2,1),(25,'elvis','presley','cf8f0c0d32522bc3d2ebe59d1fa46611d3369c96','presley@tus.ie','0865478745',2,'presley@tus.ie',3,1),(42,'Jimm','O\'Brien','cf8f0c0d32522bc3d2ebe59d1fa46611d3369c96','jimmy@ob.com','085457854',3,'jimmy@ob.com',1,0),(44,'New','Customer','cf8f0c0d32522bc3d2ebe59d1fa46611d3369c96','cust@gmail.com','0854789654',2,'cust@gmail.com',3,1),(45,'John','Customer2','cf8f0c0d32522bc3d2ebe59d1fa46611d3369c96','cust2@cust.com','0587458745',5,'cust2@cust.com',3,1),(46,'Jack','Ryan','cf8f0c0d32522bc3d2ebe59d1fa46611d3369c96','jack.ryan@business.com','0863456789',2,'jack.ryan@business.com',3,1),(50,'Amelia','Murphy','cf8f0c0d32522bc3d2ebe59d1fa46611d3369c96','bolkowicz0@ocn.ne.jp','0863456789',18,'bolkowicz0@ocn.ne.jp',3,1),(51,'Jack','Kelly','cf8f0c0d32522bc3d2ebe59d1fa46611d3369c96','gjull1@dailymail.co.uk','0863456789',22,'gjull1@dailymail.co.uk',3,1),(52,'Ella','Murphy','cf8f0c0d32522bc3d2ebe59d1fa46611d3369c96','hloukes2@sbwire.com','0863456789',25,'hloukes2@sbwire.com',1,1),(53,'Luke','Sullivan','cf8f0c0d32522bc3d2ebe59d1fa46611d3369c96','amahaddie3@google.de','0863456789',10,'amahaddie3@google.de',3,1),(54,'Luke','O\'Brien','cf8f0c0d32522bc3d2ebe59d1fa46611d3369c96','lgiblin4@redcross.org','0874567890',16,'lgiblin4@redcross.org',3,1),(55,'Luke','O\'Brien','cf8f0c0d32522bc3d2ebe59d1fa46611d3369c96','hjopling5@github.com','0852345678',27,'hjopling5@github.com',3,1),(56,'Luke','Doherty','cf8f0c0d32522bc3d2ebe59d1fa46611d3369c96','pbrimilcombe6@sourceforge.net','0841234567',36,'pbrimilcombe6@sourceforge.net',3,1),(57,'Ethan','Byrne','cf8f0c0d32522bc3d2ebe59d1fa46611d3369c96','kbasley7@independent.co.uk','0852345678',14,'kbasley7@independent.co.uk',3,1),(58,'Emma','Doherty','cf8f0c0d32522bc3d2ebe59d1fa46611d3369c96','rbrinklow8@shareasale.com','0874567890',22,'rbrinklow8@shareasale.com',3,1),(59,'Luke','Ryan','cf8f0c0d32522bc3d2ebe59d1fa46611d3369c96','hvanini9@quantcast.com','0852345678',16,'hvanini9@quantcast.com',3,1),(60,'Amelia','Ryan','cf8f0c0d32522bc3d2ebe59d1fa46611d3369c96','djamesona@latimes.com','0852345678',29,'djamesona@latimes.com',3,1),(61,'Luke','Ryan','cf8f0c0d32522bc3d2ebe59d1fa46611d3369c96','fburnittb@feedburner.com','0863456789',13,'fburnittb@feedburner.com',3,1),(62,'Liam','Ryan','cf8f0c0d32522bc3d2ebe59d1fa46611d3369c96','bmeesc@spotify.com','0863456789',16,'bmeesc@spotify.com',3,1),(63,'Luke','Doherty','cf8f0c0d32522bc3d2ebe59d1fa46611d3369c96','gslited@angelfire.com','0841234567',32,'gslited@angelfire.com',3,1),(64,'Ava','Kelly','cf8f0c0d32522bc3d2ebe59d1fa46611d3369c96','mcharone@ucla.edu','0874567890',32,'mcharone@ucla.edu',3,1),(65,'Liam','Walsh','cf8f0c0d32522bc3d2ebe59d1fa46611d3369c96','mridulfof@trellian.com','0863456789',18,'mridulfof@trellian.com',3,1),(66,'Noah','Sullivan','cf8f0c0d32522bc3d2ebe59d1fa46611d3369c96','gkellg@jimdo.com','0841234567',12,'gkellg@jimdo.com',3,1),(67,'William','O\'Brien','cf8f0c0d32522bc3d2ebe59d1fa46611d3369c96','brodgersonh@ifeng.com','0852345678',32,'brodgersonh@ifeng.com',3,1),(68,'Ava','Murphy','cf8f0c0d32522bc3d2ebe59d1fa46611d3369c96','bthickini@foxnews.com','0841234567',1,'bthickini@foxnews.com',3,1),(69,'Amelia','Sullivan','cf8f0c0d32522bc3d2ebe59d1fa46611d3369c96','jlodovichij@furl.net','0874567890',36,'jlodovichij@furl.net',3,1),(70,'William','Doherty','cf8f0c0d32522bc3d2ebe59d1fa46611d3369c96','tthyngk@hao123.com','0874567890',29,'tthyngk@hao123.com',3,1),(71,'Amelia','Doherty','cf8f0c0d32522bc3d2ebe59d1fa46611d3369c96','cbraidl@alibaba.com','0863456789',21,'cbraidl@alibaba.com',3,1),(72,'Ethan','Ryan','cf8f0c0d32522bc3d2ebe59d1fa46611d3369c96','tklulicekm@freewebs.com','0841234567',23,'tklulicekm@freewebs.com',3,1),(73,'Ava','Kennedy','cf8f0c0d32522bc3d2ebe59d1fa46611d3369c96','cwindhamn@vk.com','0852345678',36,'cwindhamn@vk.com',3,1),(74,'James','Kelly','cf8f0c0d32522bc3d2ebe59d1fa46611d3369c96','djekyllo@netlog.com','0852345678',34,'djekyllo@netlog.com',3,1),(75,'Ella','Lynch','cf8f0c0d32522bc3d2ebe59d1fa46611d3369c96','eprucknerp@amazonaws.com','0841234567',31,'eprucknerp@amazonaws.com',3,1),(76,'Luke','Lynch','cf8f0c0d32522bc3d2ebe59d1fa46611d3369c96','clotzeq@tinypic.com','0874567890',35,'clotzeq@tinypic.com',3,1),(77,'James','Sullivan','cf8f0c0d32522bc3d2ebe59d1fa46611d3369c96','jgowdridger@xinhuanet.com','0863456789',13,'jgowdridger@xinhuanet.com',3,1),(78,'Jack','Walsh','cf8f0c0d32522bc3d2ebe59d1fa46611d3369c96','jellers@princeton.edu','0874567890',9,'jellers@princeton.edu',3,1),(79,'Ella','Ryan','cf8f0c0d32522bc3d2ebe59d1fa46611d3369c96','welbournt@angelfire.com','0841234567',1,'welbournt@angelfire.com',3,1),(80,'Ella','Ryan','cf8f0c0d32522bc3d2ebe59d1fa46611d3369c96','fkiralyu@google.com','0874567890',15,'fkiralyu@google.com',3,1),(81,'Liam','Ryan','cf8f0c0d32522bc3d2ebe59d1fa46611d3369c96','geringtonv@icq.com','0874567890',15,'geringtonv@icq.com',3,1),(82,'Ella','O\'Brien','cf8f0c0d32522bc3d2ebe59d1fa46611d3369c96','fdelmagew@imdb.com','0852345678',28,'fdelmagew@imdb.com',3,1),(83,'Olivia','Doherty','cf8f0c0d32522bc3d2ebe59d1fa46611d3369c96','tmatyasx@networksolutions.com','0852345678',30,'tmatyasx@networksolutions.com',3,1),(84,'Luke','Doherty','cf8f0c0d32522bc3d2ebe59d1fa46611d3369c96','rcookesy@histats.com','0863456789',31,'rcookesy@histats.com',3,1),(85,'Luke','Lynch','cf8f0c0d32522bc3d2ebe59d1fa46611d3369c96','ameelandz@marriott.com','0852345678',22,'ameelandz@marriott.com',3,1),(86,'Liam','Kelly','cf8f0c0d32522bc3d2ebe59d1fa46611d3369c96','clewin10@gravatar.com','0841234567',10,'clewin10@gravatar.com',3,1),(87,'Luke','O\'Brien','cf8f0c0d32522bc3d2ebe59d1fa46611d3369c96','tdeegin11@desdev.cn','0841234567',29,'tdeegin11@desdev.cn',3,1),(88,'Amelia','Ryan','cf8f0c0d32522bc3d2ebe59d1fa46611d3369c96','educroe12@addthis.com','0852345678',25,'educroe12@addthis.com',3,1),(89,'Isabella','Kelly','cf8f0c0d32522bc3d2ebe59d1fa46611d3369c96','bbelward13@posterous.com','0863456789',28,'bbelward13@posterous.com',3,1),(90,'Olivia','O\'Brien','cf8f0c0d32522bc3d2ebe59d1fa46611d3369c96','dtownend14@squidoo.com','0841234567',27,'dtownend14@squidoo.com',3,1),(91,'Jack','Sullivan','cf8f0c0d32522bc3d2ebe59d1fa46611d3369c96','gdene15@parallels.com','0841234567',15,'gdene15@parallels.com',3,1),(92,'Olivia','Ryan','cf8f0c0d32522bc3d2ebe59d1fa46611d3369c96','vdudman16@list-manage.com','0841234567',4,'vdudman16@list-manage.com',3,1),(93,'Emma','Lynch','cf8f0c0d32522bc3d2ebe59d1fa46611d3369c96','hfittall17@amazonaws.com','0841234567',13,'hfittall17@amazonaws.com',3,1),(94,'Luke','O\'Brien','cf8f0c0d32522bc3d2ebe59d1fa46611d3369c96','kmcbrady18@cornell.edu','0863456789',31,'kmcbrady18@cornell.edu',3,1),(95,'Ethan','O\'Brien','cf8f0c0d32522bc3d2ebe59d1fa46611d3369c96','wketton19@artisteer.com','0841234567',25,'wketton19@artisteer.com',3,1),(96,'Charlotte','Doherty','cf8f0c0d32522bc3d2ebe59d1fa46611d3369c96','cdella1a@behance.net','0841234567',23,'cdella1a@behance.net',3,1),(97,'Noah','Sullivan','cf8f0c0d32522bc3d2ebe59d1fa46611d3369c96','jpounds1b@ehow.com','0852345678',32,'jpounds1b@ehow.com',3,1),(98,'Ava','Ryan','cf8f0c0d32522bc3d2ebe59d1fa46611d3369c96','roxtiby1c@sciencedaily.com','0852345678',28,'roxtiby1c@sciencedaily.com',3,1),(99,'Charlotte','Sullivan','cf8f0c0d32522bc3d2ebe59d1fa46611d3369c96','cdickons1d@chronoengine.com','0841234567',28,'cdickons1d@chronoengine.com',3,1),(100,'William','Lynch','cf8f0c0d32522bc3d2ebe59d1fa46611d3369c96','vhaw1e@tmall.com','0852345678',28,'vhaw1e@tmall.com',3,1),(101,'Olivia','Walsh','cf8f0c0d32522bc3d2ebe59d1fa46611d3369c96','flascell1f@1688.com','0841234567',14,'flascell1f@1688.com',3,1),(102,'Mia','Walsh','cf8f0c0d32522bc3d2ebe59d1fa46611d3369c96','wironmonger1g@unesco.org','0841234567',22,'wironmonger1g@unesco.org',3,1),(103,'Isabella','Ryan','cf8f0c0d32522bc3d2ebe59d1fa46611d3369c96','rdundon1h@diigo.com','0852345678',30,'rdundon1h@diigo.com',3,1),(104,'Jack','Ryan','cf8f0c0d32522bc3d2ebe59d1fa46611d3369c96','bdaniaud1i@alibaba.com','0874567890',26,'bdaniaud1i@alibaba.com',3,1),(105,'Noah','Kennedy','cf8f0c0d32522bc3d2ebe59d1fa46611d3369c96','syaldren1j@angelfire.com','0874567890',10,'syaldren1j@angelfire.com',3,1),(106,'William','Murphy','cf8f0c0d32522bc3d2ebe59d1fa46611d3369c96','ggavey1k@msu.edu','0863456789',29,'ggavey1k@msu.edu',3,1),(107,'Charlotte','Lynch','cf8f0c0d32522bc3d2ebe59d1fa46611d3369c96','mdransfield1l@unblog.fr','0852345678',16,'mdransfield1l@unblog.fr',3,1),(108,'Ethan','Ryan','cf8f0c0d32522bc3d2ebe59d1fa46611d3369c96','ckeough1m@guardian.co.uk','0852345678',8,'ckeough1m@guardian.co.uk',3,1),(109,'Ella','Ryan','cf8f0c0d32522bc3d2ebe59d1fa46611d3369c96','falforde1n@printfriendly.com','0852345678',29,'falforde1n@printfriendly.com',3,1),(110,'Olivia','Sullivan','cf8f0c0d32522bc3d2ebe59d1fa46611d3369c96','challewell1o@oakley.com','0863456789',30,'challewell1o@oakley.com',3,1),(111,'Ava','Kennedy','cf8f0c0d32522bc3d2ebe59d1fa46611d3369c96','npearcy1p@pinterest.com','0874567890',33,'npearcy1p@pinterest.com',3,1),(112,'James','Byrne','cf8f0c0d32522bc3d2ebe59d1fa46611d3369c96','eseven1q@prweb.com','0841234567',19,'eseven1q@prweb.com',3,1),(113,'Olivia','O\'Brien','cf8f0c0d32522bc3d2ebe59d1fa46611d3369c96','cauchterlonie1r@dion.ne.jp','0863456789',14,'cauchterlonie1r@dion.ne.jp',3,1),(114,'Olivia','Ryan','cf8f0c0d32522bc3d2ebe59d1fa46611d3369c96','fflear1s@redcross.org','0863456789',3,'fflear1s@redcross.org',3,1),(115,'William','Murphy','cf8f0c0d32522bc3d2ebe59d1fa46611d3369c96','eskeemer1t@exblog.jp','0863456789',12,'eskeemer1t@exblog.jp',3,1),(116,'William','Byrne','cf8f0c0d32522bc3d2ebe59d1fa46611d3369c96','ckepe1u@joomla.org','0852345678',6,'ckepe1u@joomla.org',3,1),(117,'Ethan','Ryan','cf8f0c0d32522bc3d2ebe59d1fa46611d3369c96','rkenningham1v@intel.com','0841234567',26,'rkenningham1v@intel.com',3,1),(118,'Noah','Byrne','cf8f0c0d32522bc3d2ebe59d1fa46611d3369c96','ktudgay1w@stanford.edu','0841234567',26,'ktudgay1w@stanford.edu',3,1),(119,'Luke','Byrne','cf8f0c0d32522bc3d2ebe59d1fa46611d3369c96','wwisniowski1x@i2i.jp','0841234567',28,'wwisniowski1x@i2i.jp',3,1),(120,'Noah','Murphy','cf8f0c0d32522bc3d2ebe59d1fa46611d3369c96','spollett1y@amazon.co.uk','0841234567',16,'spollett1y@amazon.co.uk',3,1),(121,'Luke','Sullivan','cf8f0c0d32522bc3d2ebe59d1fa46611d3369c96','alisimore1z@cpanel.net','0874567890',16,'alisimore1z@cpanel.net',3,1),(122,'Emma','Byrne','cf8f0c0d32522bc3d2ebe59d1fa46611d3369c96','cantosik20@multiply.com','0852345678',17,'cantosik20@multiply.com',3,1),(123,'Noah','Kelly','cf8f0c0d32522bc3d2ebe59d1fa46611d3369c96','fbowcock21@1688.com','0874567890',29,'fbowcock21@1688.com',3,1),(124,'Olivia','Kelly','cf8f0c0d32522bc3d2ebe59d1fa46611d3369c96','grigglesford22@photobucket.com','0841234567',21,'grigglesford22@photobucket.com',3,1),(125,'Isabella','Murphy','cf8f0c0d32522bc3d2ebe59d1fa46611d3369c96','hlittleproud23@about.com','0852345678',32,'hlittleproud23@about.com',3,1),(126,'Amelia','Doherty','cf8f0c0d32522bc3d2ebe59d1fa46611d3369c96','wgeratasch24@furl.net','0852345678',27,'wgeratasch24@furl.net',3,1),(127,'William','O\'Brien','cf8f0c0d32522bc3d2ebe59d1fa46611d3369c96','sgymblett25@51.la','0852345678',7,'sgymblett25@51.la',3,1),(128,'Liam','Sullivan','cf8f0c0d32522bc3d2ebe59d1fa46611d3369c96','pbrownscombe26@ucsd.edu','0863456789',13,'pbrownscombe26@ucsd.edu',3,1),(129,'Mia','Lynch','cf8f0c0d32522bc3d2ebe59d1fa46611d3369c96','rvarvell27@fc2.com','0841234567',24,'rvarvell27@fc2.com',3,1),(130,'Liam','Murphy','cf8f0c0d32522bc3d2ebe59d1fa46611d3369c96','knolli28@spotify.com','0863456789',26,'knolli28@spotify.com',3,1),(131,'Olivia','Sullivan','cf8f0c0d32522bc3d2ebe59d1fa46611d3369c96','kbinnall29@de.vu','0863456789',21,'kbinnall29@de.vu',3,1),(132,'William','Doherty','cf8f0c0d32522bc3d2ebe59d1fa46611d3369c96','amckelloch2a@java.com','0874567890',1,'amckelloch2a@java.com',3,1),(133,'Ethan','Walsh','cf8f0c0d32522bc3d2ebe59d1fa46611d3369c96','mmaggiore2b@loc.gov','0863456789',23,'mmaggiore2b@loc.gov',3,1),(134,'Sophia','Byrne','cf8f0c0d32522bc3d2ebe59d1fa46611d3369c96','ehabbert2c@google.com.br','0874567890',1,'ehabbert2c@google.com.br',3,1),(135,'William','Ryan','cf8f0c0d32522bc3d2ebe59d1fa46611d3369c96','freedshaw2d@ted.com','0852345678',3,'freedshaw2d@ted.com',3,1),(136,'Noah','Sullivan','cf8f0c0d32522bc3d2ebe59d1fa46611d3369c96','tlaurance2e@noaa.gov','0841234567',13,'tlaurance2e@noaa.gov',3,1),(137,'Ella','Lynch','cf8f0c0d32522bc3d2ebe59d1fa46611d3369c96','bgooch2f@unesco.org','0852345678',17,'bgooch2f@unesco.org',3,1),(138,'Mia','Doherty','cf8f0c0d32522bc3d2ebe59d1fa46611d3369c96','kgouldeby2g@over-blog.com','0852345678',7,'kgouldeby2g@over-blog.com',3,1),(139,'William','Sullivan','cf8f0c0d32522bc3d2ebe59d1fa46611d3369c96','mteresia2h@vistaprint.com','0863456789',21,'mteresia2h@vistaprint.com',3,1),(140,'Luke','Murphy','cf8f0c0d32522bc3d2ebe59d1fa46611d3369c96','mpaolotto2i@amazon.co.uk','0874567890',11,'mpaolotto2i@amazon.co.uk',3,1),(141,'Emma','O\'Brien','cf8f0c0d32522bc3d2ebe59d1fa46611d3369c96','achessor2j@goodreads.com','0841234567',27,'achessor2j@goodreads.com',3,1),(142,'Sophia','Walsh','cf8f0c0d32522bc3d2ebe59d1fa46611d3369c96','msabates2k@imdb.com','0863456789',2,'msabates2k@imdb.com',3,1),(143,'Emma','Kennedy','cf8f0c0d32522bc3d2ebe59d1fa46611d3369c96','tengall2l@adobe.com','0863456789',32,'tengall2l@adobe.com',3,1),(144,'Ethan','O\'Brien','cf8f0c0d32522bc3d2ebe59d1fa46611d3369c96','dkippax2m@imageshack.us','0874567890',4,'dkippax2m@imageshack.us',3,1),(145,'Ava','Sullivan','cf8f0c0d32522bc3d2ebe59d1fa46611d3369c96','amcmurdo2n@reddit.com','0874567890',32,'amcmurdo2n@reddit.com',3,1),(146,'Ethan','Ryan','cf8f0c0d32522bc3d2ebe59d1fa46611d3369c96','dcassius2o@tinyurl.com','0852345678',20,'dcassius2o@tinyurl.com',3,1),(147,'William','Kennedy','cf8f0c0d32522bc3d2ebe59d1fa46611d3369c96','rbuzin2p@a8.net','0863456789',13,'rbuzin2p@a8.net',3,1),(148,'James','Kelly','cf8f0c0d32522bc3d2ebe59d1fa46611d3369c96','pjaouen2q@bloomberg.com','0874567890',35,'pjaouen2q@bloomberg.com',3,1),(149,'William','Kelly','cf8f0c0d32522bc3d2ebe59d1fa46611d3369c96','astenning2r@buzzfeed.com','0841234567',9,'astenning2r@buzzfeed.com',3,1),(150,'Ella','Lynch','cf8f0c0d32522bc3d2ebe59d1fa46611d3369c96','ldrissell2s@boston.com','0841234567',35,'ldrissell2s@boston.com',3,1),(151,'Isabella','Doherty','cf8f0c0d32522bc3d2ebe59d1fa46611d3369c96','aguirard2t@census.gov','0841234567',34,'aguirard2t@census.gov',3,1),(152,'Ethan','O\'Brien','cf8f0c0d32522bc3d2ebe59d1fa46611d3369c96','abelliss2u@hexun.com','0852345678',29,'abelliss2u@hexun.com',3,1),(153,'Luke','Sullivan','cf8f0c0d32522bc3d2ebe59d1fa46611d3369c96','apeele2v@is.gd','0874567890',4,'apeele2v@is.gd',3,1),(154,'Luke','Doherty','cf8f0c0d32522bc3d2ebe59d1fa46611d3369c96','wbroz2w@moonfruit.com','0852345678',18,'wbroz2w@moonfruit.com',3,1),(155,'Noah','Walsh','cf8f0c0d32522bc3d2ebe59d1fa46611d3369c96','rpelham2x@pinterest.com','0852345678',31,'rpelham2x@pinterest.com',3,1),(156,'Ava','Sullivan','cf8f0c0d32522bc3d2ebe59d1fa46611d3369c96','jfurnival2y@ustream.tv','0874567890',10,'jfurnival2y@ustream.tv',3,1),(157,'William','Kennedy','cf8f0c0d32522bc3d2ebe59d1fa46611d3369c96','ajiroutka2z@gravatar.com','0852345678',30,'ajiroutka2z@gravatar.com',3,1),(158,'Isabella','Lynch','cf8f0c0d32522bc3d2ebe59d1fa46611d3369c96','cborton30@delicious.com','0841234567',34,'cborton30@delicious.com',3,1),(159,'Luke','Sullivan','cf8f0c0d32522bc3d2ebe59d1fa46611d3369c96','ssmallcomb31@opera.com','0852345678',20,'ssmallcomb31@opera.com',3,1),(160,'Isabella','Walsh','cf8f0c0d32522bc3d2ebe59d1fa46611d3369c96','nrandal32@businessweek.com','0852345678',3,'nrandal32@businessweek.com',3,1),(161,'William','Byrne','cf8f0c0d32522bc3d2ebe59d1fa46611d3369c96','clamb33@epa.gov','0874567890',32,'clamb33@epa.gov',3,1),(162,'Amelia','Lynch','cf8f0c0d32522bc3d2ebe59d1fa46611d3369c96','mkeneford34@europa.eu','0852345678',14,'mkeneford34@europa.eu',3,1),(163,'Emma','Sullivan','cf8f0c0d32522bc3d2ebe59d1fa46611d3369c96','rgrishankov35@delicious.com','0874567890',10,'rgrishankov35@delicious.com',3,1),(164,'James','Sullivan','cf8f0c0d32522bc3d2ebe59d1fa46611d3369c96','amccarney36@sitemeter.com','0852345678',19,'amccarney36@sitemeter.com',3,1),(165,'Ella','Kennedy','cf8f0c0d32522bc3d2ebe59d1fa46611d3369c96','cchatfield37@ycombinator.com','0841234567',17,'cchatfield37@ycombinator.com',3,1),(166,'Liam','Sullivan','cf8f0c0d32522bc3d2ebe59d1fa46611d3369c96','hharland38@tripadvisor.com','0852345678',31,'hharland38@tripadvisor.com',3,1),(167,'Jack','Byrne','cf8f0c0d32522bc3d2ebe59d1fa46611d3369c96','tbilling39@soundcloud.com','0874567890',22,'tbilling39@soundcloud.com',3,1),(168,'Ella','Sullivan','cf8f0c0d32522bc3d2ebe59d1fa46611d3369c96','calderwick3a@newsvine.com','0852345678',33,'calderwick3a@newsvine.com',3,1),(169,'Mia','Ryan','cf8f0c0d32522bc3d2ebe59d1fa46611d3369c96','rwhittenbury3b@cafepress.com','0852345678',36,'rwhittenbury3b@cafepress.com',3,1),(170,'Isabella','O\'Brien','cf8f0c0d32522bc3d2ebe59d1fa46611d3369c96','clamberto3c@soundcloud.com','0863456789',15,'clamberto3c@soundcloud.com',3,1),(171,'Mia','Byrne','cf8f0c0d32522bc3d2ebe59d1fa46611d3369c96','dminigo3d@bravesites.com','0874567890',35,'dminigo3d@bravesites.com',3,1),(172,'Noah','Murphy','cf8f0c0d32522bc3d2ebe59d1fa46611d3369c96','ahalbeard3e@hatena.ne.jp','0841234567',5,'ahalbeard3e@hatena.ne.jp',3,1),(173,'Liam','Kelly','cf8f0c0d32522bc3d2ebe59d1fa46611d3369c96','acapinetti3f@netlog.com','0841234567',37,'acapinetti3f@netlog.com',3,1),(174,'Ava','Doherty','cf8f0c0d32522bc3d2ebe59d1fa46611d3369c96','dyanin3g@patch.com','0874567890',18,'dyanin3g@patch.com',3,1),(175,'Ethan','Murphy','cf8f0c0d32522bc3d2ebe59d1fa46611d3369c96','nchipp3h@discuz.net','0874567890',24,'nchipp3h@discuz.net',3,1),(176,'Sophia','Kelly','cf8f0c0d32522bc3d2ebe59d1fa46611d3369c96','csmallcomb3i@ezinearticles.com','0852345678',36,'csmallcomb3i@ezinearticles.com',3,1),(177,'Charlotte','Byrne','cf8f0c0d32522bc3d2ebe59d1fa46611d3369c96','mlyokhin3j@cdbaby.com','0852345678',12,'mlyokhin3j@cdbaby.com',3,1),(178,'Olivia','Byrne','cf8f0c0d32522bc3d2ebe59d1fa46611d3369c96','egoodlip3k@weebly.com','0863456789',25,'egoodlip3k@weebly.com',3,1),(179,'Isabella','Kennedy','cf8f0c0d32522bc3d2ebe59d1fa46611d3369c96','amoreman3l@linkedin.com','0852345678',19,'amoreman3l@linkedin.com',3,1),(180,'Olivia','Doherty','cf8f0c0d32522bc3d2ebe59d1fa46611d3369c96','csimonnot3m@purevolume.com','0874567890',8,'csimonnot3m@purevolume.com',3,1),(181,'James','Kelly','cf8f0c0d32522bc3d2ebe59d1fa46611d3369c96','mchildren3n@skype.com','0841234567',9,'mchildren3n@skype.com',3,1),(182,'Emma','Kennedy','cf8f0c0d32522bc3d2ebe59d1fa46611d3369c96','kluck3o@joomla.org','0863456789',14,'kluck3o@joomla.org',3,1),(183,'Charlotte','Murphy','cf8f0c0d32522bc3d2ebe59d1fa46611d3369c96','fperico3p@netlog.com','0874567890',11,'fperico3p@netlog.com',3,1),(184,'Jack','Walsh','cf8f0c0d32522bc3d2ebe59d1fa46611d3369c96','ltwinborne3q@adobe.com','0874567890',6,'ltwinborne3q@adobe.com',3,1),(185,'James','Murphy','cf8f0c0d32522bc3d2ebe59d1fa46611d3369c96','mdoree3r@prweb.com','0841234567',11,'mdoree3r@prweb.com',3,1),(186,'William','Lynch','cf8f0c0d32522bc3d2ebe59d1fa46611d3369c96','mstaite3s@usnews.com','0874567890',30,'mstaite3s@usnews.com',3,1),(187,'Sophia','O\'Brien','cf8f0c0d32522bc3d2ebe59d1fa46611d3369c96','rfeare3t@sitemeter.com','0841234567',25,'rfeare3t@sitemeter.com',3,1),(188,'Mia','Kelly','cf8f0c0d32522bc3d2ebe59d1fa46611d3369c96','rsalzen3u@macromedia.com','0874567890',25,'rsalzen3u@macromedia.com',3,1),(189,'Charlotte','Ryan','cf8f0c0d32522bc3d2ebe59d1fa46611d3369c96','ayewman3v@ezinearticles.com','0852345678',1,'ayewman3v@ezinearticles.com',3,1),(190,'Liam','Byrne','cf8f0c0d32522bc3d2ebe59d1fa46611d3369c96','rpolo3w@smh.com.au','0841234567',26,'rpolo3w@smh.com.au',3,1),(191,'William','Sullivan','cf8f0c0d32522bc3d2ebe59d1fa46611d3369c96','jtrueman3x@imdb.com','0863456789',23,'jtrueman3x@imdb.com',3,1),(192,'Olivia','Kelly','cf8f0c0d32522bc3d2ebe59d1fa46611d3369c96','lnewbury3y@yale.edu','0874567890',22,'lnewbury3y@yale.edu',3,1),(193,'William','Kelly','cf8f0c0d32522bc3d2ebe59d1fa46611d3369c96','eperillio3z@networksolutions.com','0863456789',15,'eperillio3z@networksolutions.com',3,1),(194,'Ella','Kennedy','cf8f0c0d32522bc3d2ebe59d1fa46611d3369c96','bpockey40@squarespace.com','0841234567',20,'bpockey40@squarespace.com',3,1),(195,'Ella','Murphy','cf8f0c0d32522bc3d2ebe59d1fa46611d3369c96','hgegg41@yale.edu','0874567890',3,'hgegg41@yale.edu',3,1),(196,'Olivia','O\'Brien','cf8f0c0d32522bc3d2ebe59d1fa46611d3369c96','lwhisker42@time.com','0852345678',14,'lwhisker42@time.com',3,1),(197,'James','Kennedy','cf8f0c0d32522bc3d2ebe59d1fa46611d3369c96','dthaxton43@geocities.jp','0863456789',8,'dthaxton43@geocities.jp',3,1),(198,'Sophia','O\'Brien','cf8f0c0d32522bc3d2ebe59d1fa46611d3369c96','ddockrell44@engadget.com','0841234567',35,'ddockrell44@engadget.com',3,1),(199,'Olivia','Kennedy','cf8f0c0d32522bc3d2ebe59d1fa46611d3369c96','fmorton45@japanpost.jp','0874567890',35,'fmorton45@japanpost.jp',3,1),(200,'Emma','Kelly','cf8f0c0d32522bc3d2ebe59d1fa46611d3369c96','etours46@nps.gov','0841234567',17,'etours46@nps.gov',3,1),(201,'Ella','Walsh','cf8f0c0d32522bc3d2ebe59d1fa46611d3369c96','jmccotter47@issuu.com','0852345678',36,'jmccotter47@issuu.com',3,1),(202,'Ella','Byrne','cf8f0c0d32522bc3d2ebe59d1fa46611d3369c96','nskeermor48@upenn.edu','0852345678',12,'nskeermor48@upenn.edu',3,1),(203,'Luke','O\'Brien','cf8f0c0d32522bc3d2ebe59d1fa46611d3369c96','kobrallaghan49@behance.net','0874567890',7,'kobrallaghan49@behance.net',3,1),(204,'James','Doherty','cf8f0c0d32522bc3d2ebe59d1fa46611d3369c96','mdelacroix4a@umn.edu','0841234567',15,'mdelacroix4a@umn.edu',3,1),(205,'Mia','O\'Brien','cf8f0c0d32522bc3d2ebe59d1fa46611d3369c96','rcathcart4b@omniture.com','0852345678',37,'rcathcart4b@omniture.com',3,1),(206,'Charlotte','O\'Brien','cf8f0c0d32522bc3d2ebe59d1fa46611d3369c96','gklimus4c@wisc.edu','0841234567',25,'gklimus4c@wisc.edu',3,1),(207,'Luke','Murphy','cf8f0c0d32522bc3d2ebe59d1fa46611d3369c96','lmidghall4d@nationalgeographic.com','0874567890',2,'lmidghall4d@nationalgeographic.com',3,1),(208,'Ella','Doherty','cf8f0c0d32522bc3d2ebe59d1fa46611d3369c96','sbiggadyke4e@springer.com','0863456789',29,'sbiggadyke4e@springer.com',3,1),(209,'Sophia','Kelly','cf8f0c0d32522bc3d2ebe59d1fa46611d3369c96','kgoodison4f@yandex.ru','0841234567',22,'kgoodison4f@yandex.ru',3,1),(210,'Isabella','Byrne','cf8f0c0d32522bc3d2ebe59d1fa46611d3369c96','hhelis4g@mac.com','0841234567',1,'hhelis4g@mac.com',3,1),(211,'Liam','O\'Brien','cf8f0c0d32522bc3d2ebe59d1fa46611d3369c96','acritoph4h@nih.gov','0863456789',11,'acritoph4h@nih.gov',3,1),(212,'Ella','Kelly','cf8f0c0d32522bc3d2ebe59d1fa46611d3369c96','abrandom4i@prweb.com','0863456789',25,'abrandom4i@prweb.com',3,1),(213,'Jack','Murphy','cf8f0c0d32522bc3d2ebe59d1fa46611d3369c96','fskells4j@barnesandnoble.com','0852345678',19,'fskells4j@barnesandnoble.com',3,1),(214,'Noah','Kelly','cf8f0c0d32522bc3d2ebe59d1fa46611d3369c96','ctowns4k@mayoclinic.com','0863456789',12,'ctowns4k@mayoclinic.com',3,1),(215,'Charlotte','Doherty','cf8f0c0d32522bc3d2ebe59d1fa46611d3369c96','vcaddens4l@hexun.com','0841234567',3,'vcaddens4l@hexun.com',3,1),(216,'Emma','Byrne','cf8f0c0d32522bc3d2ebe59d1fa46611d3369c96','jcamelli4m@paypal.com','0841234567',3,'jcamelli4m@paypal.com',3,1),(217,'Amelia','Doherty','cf8f0c0d32522bc3d2ebe59d1fa46611d3369c96','mhumerstone4n@gizmodo.com','0874567890',20,'mhumerstone4n@gizmodo.com',3,1),(218,'Liam','Byrne','cf8f0c0d32522bc3d2ebe59d1fa46611d3369c96','pcoombes4o@jalbum.net','0852345678',18,'pcoombes4o@jalbum.net',3,1),(219,'Sophia','Kennedy','cf8f0c0d32522bc3d2ebe59d1fa46611d3369c96','knorssister4p@purevolume.com','0874567890',21,'knorssister4p@purevolume.com',3,1),(220,'Mia','Ryan','cf8f0c0d32522bc3d2ebe59d1fa46611d3369c96','lvanichkin4q@craigslist.org','0852345678',32,'lvanichkin4q@craigslist.org',3,1),(221,'James','Ryan','cf8f0c0d32522bc3d2ebe59d1fa46611d3369c96','mneggrini4r@wp.com','0841234567',34,'mneggrini4r@wp.com',3,1),(222,'Emma','Kelly','cf8f0c0d32522bc3d2ebe59d1fa46611d3369c96','avidgen4s@weibo.com','0852345678',17,'avidgen4s@weibo.com',3,1),(223,'Olivia','Ryan','cf8f0c0d32522bc3d2ebe59d1fa46611d3369c96','lsysland4t@youtube.com','0852345678',26,'lsysland4t@youtube.com',3,1),(224,'Mia','Kelly','cf8f0c0d32522bc3d2ebe59d1fa46611d3369c96','mtippings4u@pcworld.com','0852345678',17,'mtippings4u@pcworld.com',3,1),(225,'Isabella','Sullivan','cf8f0c0d32522bc3d2ebe59d1fa46611d3369c96','docurrine4v@globo.com','0863456789',17,'docurrine4v@globo.com',3,1),(226,'Ava','Sullivan','cf8f0c0d32522bc3d2ebe59d1fa46611d3369c96','jfoulgham4w@bloomberg.com','0852345678',9,'jfoulgham4w@bloomberg.com',3,1),(227,'Sophia','O\'Brien','cf8f0c0d32522bc3d2ebe59d1fa46611d3369c96','tellsworthe4x@ucoz.com','0874567890',16,'tellsworthe4x@ucoz.com',3,1),(228,'Sophia','Murphy','cf8f0c0d32522bc3d2ebe59d1fa46611d3369c96','wtarbet4y@msn.com','0874567890',29,'wtarbet4y@msn.com',3,1),(229,'Sophia','Walsh','cf8f0c0d32522bc3d2ebe59d1fa46611d3369c96','dmergue4z@gizmodo.com','0841234567',5,'dmergue4z@gizmodo.com',3,1),(230,'Olivia','Walsh','cf8f0c0d32522bc3d2ebe59d1fa46611d3369c96','wdesousa50@weibo.com','0863456789',29,'wdesousa50@weibo.com',3,1),(231,'Charlotte','Kelly','cf8f0c0d32522bc3d2ebe59d1fa46611d3369c96','cgrimoldby51@answers.com','0841234567',24,'cgrimoldby51@answers.com',3,1),(232,'James','Kelly','cf8f0c0d32522bc3d2ebe59d1fa46611d3369c96','jiacobo52@nbcnews.com','0874567890',12,'jiacobo52@nbcnews.com',3,1),(233,'Noah','Byrne','cf8f0c0d32522bc3d2ebe59d1fa46611d3369c96','lmccomiskey53@twitter.com','0874567890',11,'lmccomiskey53@twitter.com',3,1),(234,'Jack','Lynch','cf8f0c0d32522bc3d2ebe59d1fa46611d3369c96','yilyushkin54@acquirethisname.com','0841234567',30,'yilyushkin54@acquirethisname.com',3,1),(235,'Liam','O\'Brien','cf8f0c0d32522bc3d2ebe59d1fa46611d3369c96','dlinnemann55@icq.com','0863456789',3,'dlinnemann55@icq.com',3,1),(236,'James','Byrne','cf8f0c0d32522bc3d2ebe59d1fa46611d3369c96','kciotti56@ning.com','0841234567',26,'kciotti56@ning.com',3,1),(237,'Liam','Lynch','cf8f0c0d32522bc3d2ebe59d1fa46611d3369c96','tholleran57@marriott.com','0852345678',37,'tholleran57@marriott.com',3,1),(238,'Jack','Lynch','cf8f0c0d32522bc3d2ebe59d1fa46611d3369c96','dokielt58@wikipedia.org','0852345678',6,'dokielt58@wikipedia.org',3,1),(239,'Isabella','Kelly','cf8f0c0d32522bc3d2ebe59d1fa46611d3369c96','agreschik59@dedecms.com','0852345678',12,'agreschik59@dedecms.com',3,1),(240,'James','Walsh','cf8f0c0d32522bc3d2ebe59d1fa46611d3369c96','dswate5a@a8.net','0863456789',4,'dswate5a@a8.net',3,1),(241,'Emma','Kennedy','cf8f0c0d32522bc3d2ebe59d1fa46611d3369c96','cwanne5b@mysql.com','0874567890',15,'cwanne5b@mysql.com',3,1),(242,'Ella','Murphy','cf8f0c0d32522bc3d2ebe59d1fa46611d3369c96','escroggie5c@yolasite.com','0863456789',19,'escroggie5c@yolasite.com',3,1),(243,'Liam','O\'Brien','cf8f0c0d32522bc3d2ebe59d1fa46611d3369c96','cscolding5d@ycombinator.com','0841234567',31,'cscolding5d@ycombinator.com',3,1),(244,'Liam','Byrne','cf8f0c0d32522bc3d2ebe59d1fa46611d3369c96','mkilbane5e@usnews.com','0841234567',29,'mkilbane5e@usnews.com',3,1),(245,'Ava','Walsh','cf8f0c0d32522bc3d2ebe59d1fa46611d3369c96','kreyne5f@dion.ne.jp','0863456789',15,'kreyne5f@dion.ne.jp',3,1),(246,'Olivia','Kennedy','cf8f0c0d32522bc3d2ebe59d1fa46611d3369c96','rburberye5g@opensource.org','0874567890',11,'rburberye5g@opensource.org',3,1),(247,'Amelia','Lynch','cf8f0c0d32522bc3d2ebe59d1fa46611d3369c96','atemplar5h@de.vu','0863456789',4,'atemplar5h@de.vu',3,1),(248,'Amelia','Kelly','cf8f0c0d32522bc3d2ebe59d1fa46611d3369c96','eambrozik5i@last.fm','0852345678',35,'eambrozik5i@last.fm',3,1),(249,'Luke','Doherty','cf8f0c0d32522bc3d2ebe59d1fa46611d3369c96','jruffle5j@ifeng.com','0863456789',16,'jruffle5j@ifeng.com',3,1),(250,'Sophia','Walsh','cf8f0c0d32522bc3d2ebe59d1fa46611d3369c96','ostruis5k@4shared.com','0852345678',15,'ostruis5k@4shared.com',3,1),(251,'William','Byrne','cf8f0c0d32522bc3d2ebe59d1fa46611d3369c96','fdrydale5l@123-reg.co.uk','0863456789',15,'fdrydale5l@123-reg.co.uk',3,1),(252,'Sophia','Ryan','cf8f0c0d32522bc3d2ebe59d1fa46611d3369c96','ccanada5m@salon.com','0874567890',29,'ccanada5m@salon.com',3,1),(253,'Charlotte','Byrne','cf8f0c0d32522bc3d2ebe59d1fa46611d3369c96','kbaumer5n@weather.com','0874567890',23,'kbaumer5n@weather.com',3,1),(254,'Olivia','Kennedy','cf8f0c0d32522bc3d2ebe59d1fa46611d3369c96','aburle5o@squarespace.com','0874567890',27,'aburle5o@squarespace.com',3,1),(255,'Jack','Byrne','cf8f0c0d32522bc3d2ebe59d1fa46611d3369c96','ecarroll5p@opera.com','0863456789',27,'ecarroll5p@opera.com',3,1),(256,'Charlotte','Ryan','cf8f0c0d32522bc3d2ebe59d1fa46611d3369c96','rgerleit5q@tamu.edu','0874567890',20,'rgerleit5q@tamu.edu',3,1),(257,'Sophia','Byrne','cf8f0c0d32522bc3d2ebe59d1fa46611d3369c96','epreble5r@is.gd','0874567890',30,'epreble5r@is.gd',3,1),(258,'Emma','Lynch','cf8f0c0d32522bc3d2ebe59d1fa46611d3369c96','vedinborough5s@icio.us','0841234567',11,'vedinborough5s@icio.us',3,1),(259,'Ava','Kelly','cf8f0c0d32522bc3d2ebe59d1fa46611d3369c96','massinder5t@google.co.jp','0852345678',36,'massinder5t@google.co.jp',3,1),(260,'Charlotte','O\'Brien','cf8f0c0d32522bc3d2ebe59d1fa46611d3369c96','tafonso5u@smugmug.com','0852345678',13,'tafonso5u@smugmug.com',3,1),(261,'Ethan','Murphy','cf8f0c0d32522bc3d2ebe59d1fa46611d3369c96','hfanner5v@wikia.com','0863456789',14,'hfanner5v@wikia.com',3,1),(262,'Jack','Kelly','cf8f0c0d32522bc3d2ebe59d1fa46611d3369c96','acleverley5w@amazon.com','0863456789',4,'acleverley5w@amazon.com',3,1),(263,'Ethan','Lynch','cf8f0c0d32522bc3d2ebe59d1fa46611d3369c96','twhitmore5x@weather.com','0874567890',32,'twhitmore5x@weather.com',3,1),(264,'Mia','Doherty','cf8f0c0d32522bc3d2ebe59d1fa46611d3369c96','gpischel5y@sun.com','0852345678',20,'gpischel5y@sun.com',3,1),(265,'Noah','Kennedy','cf8f0c0d32522bc3d2ebe59d1fa46611d3369c96','pbrunini5z@kickstarter.com','0852345678',14,'pbrunini5z@kickstarter.com',3,1),(266,'Amelia','Doherty','cf8f0c0d32522bc3d2ebe59d1fa46611d3369c96','rgirardoni60@loc.gov','0874567890',34,'rgirardoni60@loc.gov',3,1),(267,'Mia','Sullivan','cf8f0c0d32522bc3d2ebe59d1fa46611d3369c96','mmcallester61@comsenz.com','0874567890',21,'mmcallester61@comsenz.com',3,1),(268,'Ella','Murphy','cf8f0c0d32522bc3d2ebe59d1fa46611d3369c96','apawfoot62@prnewswire.com','0841234567',14,'apawfoot62@prnewswire.com',3,1),(269,'Mia','Kelly','cf8f0c0d32522bc3d2ebe59d1fa46611d3369c96','cmatherson63@opera.com','0852345678',12,'cmatherson63@opera.com',3,1),(270,'Olivia','O\'Brien','cf8f0c0d32522bc3d2ebe59d1fa46611d3369c96','lpurchase64@who.int','0874567890',31,'lpurchase64@who.int',3,1),(271,'Jack','Sullivan','cf8f0c0d32522bc3d2ebe59d1fa46611d3369c96','gdeere65@mlb.com','0852345678',11,'gdeere65@mlb.com',3,1),(272,'Noah','Sullivan','cf8f0c0d32522bc3d2ebe59d1fa46611d3369c96','chundley66@mozilla.com','0852345678',7,'chundley66@mozilla.com',3,1),(273,'Sophia','Byrne','cf8f0c0d32522bc3d2ebe59d1fa46611d3369c96','kwaudby67@google.co.jp','0852345678',34,'kwaudby67@google.co.jp',3,1),(274,'James','Murphy','cf8f0c0d32522bc3d2ebe59d1fa46611d3369c96','abeachem68@trellian.com','0841234567',29,'abeachem68@trellian.com',3,1),(275,'Jack','Kelly','cf8f0c0d32522bc3d2ebe59d1fa46611d3369c96','hcasine69@ebay.co.uk','0852345678',5,'hcasine69@ebay.co.uk',3,1),(276,'Amelia','Walsh','cf8f0c0d32522bc3d2ebe59d1fa46611d3369c96','dmaccurlye6a@utexas.edu','0863456789',1,'dmaccurlye6a@utexas.edu',3,1),(277,'Liam','Murphy','cf8f0c0d32522bc3d2ebe59d1fa46611d3369c96','mblencoe6b@cbslocal.com','0852345678',32,'mblencoe6b@cbslocal.com',3,1),(278,'Ava','Doherty','cf8f0c0d32522bc3d2ebe59d1fa46611d3369c96','astanfield6c@quantcast.com','0852345678',35,'astanfield6c@quantcast.com',3,1),(279,'Ella','Byrne','cf8f0c0d32522bc3d2ebe59d1fa46611d3369c96','gjosefsen6d@soundcloud.com','0841234567',30,'gjosefsen6d@soundcloud.com',3,1),(280,'Jack','Byrne','cf8f0c0d32522bc3d2ebe59d1fa46611d3369c96','jfredi6e@tinyurl.com','0874567890',24,'jfredi6e@tinyurl.com',3,1),(281,'Luke','Kennedy','cf8f0c0d32522bc3d2ebe59d1fa46611d3369c96','kgeorger6f@trellian.com','0874567890',17,'kgeorger6f@trellian.com',3,1),(282,'Amelia','O\'Brien','cf8f0c0d32522bc3d2ebe59d1fa46611d3369c96','chopkynson6g@guardian.co.uk','0852345678',22,'chopkynson6g@guardian.co.uk',3,1),(283,'Liam','Sullivan','cf8f0c0d32522bc3d2ebe59d1fa46611d3369c96','rzaniolini6h@qq.com','0852345678',25,'rzaniolini6h@qq.com',3,1),(284,'William','Ryan','cf8f0c0d32522bc3d2ebe59d1fa46611d3369c96','boakeshott6i@economist.com','0852345678',28,'boakeshott6i@economist.com',3,1),(285,'Amelia','Kelly','cf8f0c0d32522bc3d2ebe59d1fa46611d3369c96','rbarrows6j@wikipedia.org','0874567890',1,'rbarrows6j@wikipedia.org',3,1),(286,'Liam','Lynch','cf8f0c0d32522bc3d2ebe59d1fa46611d3369c96','glagde6k@dmoz.org','0841234567',36,'glagde6k@dmoz.org',3,1),(287,'Liam','Lynch','cf8f0c0d32522bc3d2ebe59d1fa46611d3369c96','cbroggelli6l@blogspot.com','0874567890',30,'cbroggelli6l@blogspot.com',3,1),(288,'Ethan','Kennedy','cf8f0c0d32522bc3d2ebe59d1fa46611d3369c96','mlabbey6m@themeforest.net','0863456789',7,'mlabbey6m@themeforest.net',3,1),(289,'Ethan','Kennedy','cf8f0c0d32522bc3d2ebe59d1fa46611d3369c96','csneesbie6n@w3.org','0852345678',9,'csneesbie6n@w3.org',3,1),(290,'Mia','Murphy','cf8f0c0d32522bc3d2ebe59d1fa46611d3369c96','usedwick6o@w3.org','0874567890',25,'usedwick6o@w3.org',3,1),(291,'Ella','Ryan','cf8f0c0d32522bc3d2ebe59d1fa46611d3369c96','pscurfield6p@123-reg.co.uk','0841234567',24,'pscurfield6p@123-reg.co.uk',3,1),(292,'Charlotte','Sullivan','cf8f0c0d32522bc3d2ebe59d1fa46611d3369c96','atwede6q@sakura.ne.jp','0863456789',8,'atwede6q@sakura.ne.jp',3,1),(293,'Jack','O\'Brien','cf8f0c0d32522bc3d2ebe59d1fa46611d3369c96','dshyre6r@house.gov','0863456789',13,'dshyre6r@house.gov',3,1),(294,'Luke','Murphy','cf8f0c0d32522bc3d2ebe59d1fa46611d3369c96','mpardi6s@paginegialle.it','0874567890',36,'mpardi6s@paginegialle.it',3,1),(295,'Sophia','Sullivan','cf8f0c0d32522bc3d2ebe59d1fa46611d3369c96','cewebank6t@latimes.com','0852345678',29,'cewebank6t@latimes.com',3,1),(296,'Sophia','Sullivan','cf8f0c0d32522bc3d2ebe59d1fa46611d3369c96','hchicotti6u@vkontakte.ru','0874567890',28,'hchicotti6u@vkontakte.ru',3,1),(297,'William','Kennedy','cf8f0c0d32522bc3d2ebe59d1fa46611d3369c96','hgoodbody6v@cdc.gov','0852345678',22,'hgoodbody6v@cdc.gov',3,1),(298,'Liam','Byrne','cf8f0c0d32522bc3d2ebe59d1fa46611d3369c96','rleathe6w@barnesandnoble.com','0841234567',37,'rleathe6w@barnesandnoble.com',3,1),(299,'Ella','Doherty','cf8f0c0d32522bc3d2ebe59d1fa46611d3369c96','walgar6x@studiopress.com','0852345678',17,'walgar6x@studiopress.com',3,1),(300,'Charlotte','Murphy','cf8f0c0d32522bc3d2ebe59d1fa46611d3369c96','gfaircley6y@nsw.gov.au','0841234567',34,'gfaircley6y@nsw.gov.au',3,1),(301,'Sophia','Sullivan','cf8f0c0d32522bc3d2ebe59d1fa46611d3369c96','bwilloughway6z@google.de','0874567890',6,'bwilloughway6z@google.de',3,1),(302,'William','Lynch','cf8f0c0d32522bc3d2ebe59d1fa46611d3369c96','fmatyushkin70@indiatimes.com','0841234567',15,'fmatyushkin70@indiatimes.com',3,1),(303,'Ethan','Walsh','cf8f0c0d32522bc3d2ebe59d1fa46611d3369c96','tmountain71@histats.com','0863456789',35,'tmountain71@histats.com',3,1),(304,'James','Ryan','cf8f0c0d32522bc3d2ebe59d1fa46611d3369c96','bcarey72@behance.net','0841234567',15,'bcarey72@behance.net',3,1),(305,'Olivia','Murphy','cf8f0c0d32522bc3d2ebe59d1fa46611d3369c96','astonhouse73@nifty.com','0841234567',27,'astonhouse73@nifty.com',3,1),(306,'Mia','Byrne','cf8f0c0d32522bc3d2ebe59d1fa46611d3369c96','nhayers74@live.com','0841234567',31,'nhayers74@live.com',3,1),(307,'Amelia','Kennedy','cf8f0c0d32522bc3d2ebe59d1fa46611d3369c96','ejennaway75@geocities.jp','0863456789',25,'ejennaway75@geocities.jp',3,1),(308,'Charlotte','Byrne','cf8f0c0d32522bc3d2ebe59d1fa46611d3369c96','mhowship76@nydailynews.com','0863456789',22,'mhowship76@nydailynews.com',3,1),(309,'James','Walsh','cf8f0c0d32522bc3d2ebe59d1fa46611d3369c96','hhouson77@photobucket.com','0874567890',29,'hhouson77@photobucket.com',3,1),(310,'Mia','Murphy','cf8f0c0d32522bc3d2ebe59d1fa46611d3369c96','zmonni78@irs.gov','0841234567',11,'zmonni78@irs.gov',3,1),(311,'Ethan','O\'Brien','cf8f0c0d32522bc3d2ebe59d1fa46611d3369c96','mclear79@wordpress.com','0874567890',22,'mclear79@wordpress.com',3,1),(312,'Charlotte','Kennedy','cf8f0c0d32522bc3d2ebe59d1fa46611d3369c96','harne7a@patch.com','0852345678',12,'harne7a@patch.com',3,1),(313,'Ava','Byrne','cf8f0c0d32522bc3d2ebe59d1fa46611d3369c96','pbirk7b@google.fr','0841234567',28,'pbirk7b@google.fr',3,1),(314,'Olivia','Kelly','cf8f0c0d32522bc3d2ebe59d1fa46611d3369c96','dbeggan7c@shareasale.com','0874567890',5,'dbeggan7c@shareasale.com',3,1),(315,'James','Sullivan','cf8f0c0d32522bc3d2ebe59d1fa46611d3369c96','azoane7d@hud.gov','0863456789',28,'azoane7d@hud.gov',3,1),(316,'Emma','Lynch','cf8f0c0d32522bc3d2ebe59d1fa46611d3369c96','fwhylie7e@google.pl','0874567890',14,'fwhylie7e@google.pl',3,1),(317,'Sophia','Doherty','cf8f0c0d32522bc3d2ebe59d1fa46611d3369c96','rnoye7f@tumblr.com','0852345678',6,'rnoye7f@tumblr.com',3,1),(318,'Emma','Lynch','cf8f0c0d32522bc3d2ebe59d1fa46611d3369c96','akrochmann7g@friendfeed.com','0852345678',27,'akrochmann7g@friendfeed.com',3,1),(319,'Emma','Ryan','cf8f0c0d32522bc3d2ebe59d1fa46611d3369c96','vdonohoe7h@bing.com','0863456789',16,'vdonohoe7h@bing.com',3,1),(320,'Emma','Murphy','cf8f0c0d32522bc3d2ebe59d1fa46611d3369c96','apinor7i@topsy.com','0852345678',11,'apinor7i@topsy.com',3,1),(321,'Isabella','Lynch','cf8f0c0d32522bc3d2ebe59d1fa46611d3369c96','cmalek7j@elpais.com','0852345678',17,'cmalek7j@elpais.com',3,1),(322,'Noah','Sullivan','cf8f0c0d32522bc3d2ebe59d1fa46611d3369c96','gburg7k@webmd.com','0874567890',19,'gburg7k@webmd.com',3,1),(323,'Ella','Byrne','cf8f0c0d32522bc3d2ebe59d1fa46611d3369c96','callenby7l@bloglovin.com','0852345678',19,'callenby7l@bloglovin.com',3,1),(324,'Luke','Byrne','cf8f0c0d32522bc3d2ebe59d1fa46611d3369c96','aohingerty7m@moonfruit.com','0863456789',20,'aohingerty7m@moonfruit.com',3,1),(325,'Sophia','Murphy','cf8f0c0d32522bc3d2ebe59d1fa46611d3369c96','lfardy7n@yale.edu','0841234567',4,'lfardy7n@yale.edu',3,1),(326,'Emma','Murphy','cf8f0c0d32522bc3d2ebe59d1fa46611d3369c96','msharrocks7o@nydailynews.com','0863456789',34,'msharrocks7o@nydailynews.com',3,1),(327,'Ethan','O\'Brien','cf8f0c0d32522bc3d2ebe59d1fa46611d3369c96','hscales7p@redcross.org','0863456789',11,'hscales7p@redcross.org',3,1),(328,'Jack','Murphy','cf8f0c0d32522bc3d2ebe59d1fa46611d3369c96','adelong7q@bluehost.com','0852345678',29,'adelong7q@bluehost.com',3,1),(329,'Luke','Doherty','cf8f0c0d32522bc3d2ebe59d1fa46611d3369c96','kcurrall7r@unc.edu','0863456789',13,'kcurrall7r@unc.edu',3,1),(330,'Ava','Walsh','cf8f0c0d32522bc3d2ebe59d1fa46611d3369c96','jdillinger7s@pagesperso-orange.fr','0863456789',6,'jdillinger7s@pagesperso-orange.fr',3,1),(331,'Isabella','Kelly','cf8f0c0d32522bc3d2ebe59d1fa46611d3369c96','cpickersail7t@youtu.be','0841234567',25,'cpickersail7t@youtu.be',3,1),(332,'Mia','Ryan','cf8f0c0d32522bc3d2ebe59d1fa46611d3369c96','golech7u@marketwatch.com','0863456789',29,'golech7u@marketwatch.com',3,1),(333,'James','Walsh','cf8f0c0d32522bc3d2ebe59d1fa46611d3369c96','apurviss7v@intel.com','0841234567',14,'apurviss7v@intel.com',3,1),(334,'William','Kennedy','cf8f0c0d32522bc3d2ebe59d1fa46611d3369c96','ispensly7w@youtu.be','0863456789',7,'ispensly7w@youtu.be',3,1),(335,'Luke','Kennedy','cf8f0c0d32522bc3d2ebe59d1fa46611d3369c96','larrol7x@xinhuanet.com','0863456789',7,'larrol7x@xinhuanet.com',3,1),(336,'Jack','Doherty','cf8f0c0d32522bc3d2ebe59d1fa46611d3369c96','swalder7y@hatena.ne.jp','0852345678',9,'swalder7y@hatena.ne.jp',3,1),(337,'Mia','Lynch','cf8f0c0d32522bc3d2ebe59d1fa46611d3369c96','cyakovliv7z@marketwatch.com','0874567890',3,'cyakovliv7z@marketwatch.com',3,1),(338,'Olivia','Ryan','cf8f0c0d32522bc3d2ebe59d1fa46611d3369c96','lgebby80@1und1.de','0852345678',29,'lgebby80@1und1.de',3,1),(339,'Jack','Doherty','cf8f0c0d32522bc3d2ebe59d1fa46611d3369c96','thinkins81@phpbb.com','0863456789',32,'thinkins81@phpbb.com',3,1),(340,'Sophia','Kelly','cf8f0c0d32522bc3d2ebe59d1fa46611d3369c96','tspenton82@apache.org','0841234567',3,'tspenton82@apache.org',3,1),(341,'William','Lynch','cf8f0c0d32522bc3d2ebe59d1fa46611d3369c96','bscatcher83@sina.com.cn','0841234567',13,'bscatcher83@sina.com.cn',3,1),(342,'Isabella','Doherty','cf8f0c0d32522bc3d2ebe59d1fa46611d3369c96','mbram84@amazon.co.uk','0863456789',31,'mbram84@amazon.co.uk',3,1),(343,'Noah','Byrne','cf8f0c0d32522bc3d2ebe59d1fa46611d3369c96','gbrightman85@cbsnews.com','0852345678',25,'gbrightman85@cbsnews.com',3,1),(344,'Ava','O\'Brien','cf8f0c0d32522bc3d2ebe59d1fa46611d3369c96','psines86@mapy.cz','0852345678',30,'psines86@mapy.cz',3,1),(345,'Liam','Byrne','cf8f0c0d32522bc3d2ebe59d1fa46611d3369c96','flay87@sitemeter.com','0852345678',36,'flay87@sitemeter.com',3,1),(346,'Jack','O\'Brien','cf8f0c0d32522bc3d2ebe59d1fa46611d3369c96','cpilkinton88@state.gov','0874567890',8,'cpilkinton88@state.gov',3,1),(347,'Amelia','Doherty','cf8f0c0d32522bc3d2ebe59d1fa46611d3369c96','eabells89@rediff.com','0863456789',27,'eabells89@rediff.com',3,1),(348,'James','Murphy','cf8f0c0d32522bc3d2ebe59d1fa46611d3369c96','dstrettell8a@cafepress.com','0863456789',10,'dstrettell8a@cafepress.com',3,1),(349,'James','Lynch','cf8f0c0d32522bc3d2ebe59d1fa46611d3369c96','mmussington8b@elegantthemes.com','0874567890',16,'mmussington8b@elegantthemes.com',3,1),(350,'Amelia','Byrne','cf8f0c0d32522bc3d2ebe59d1fa46611d3369c96','smuzzi8c@example.com','0863456789',31,'smuzzi8c@example.com',3,1),(351,'Amelia','Doherty','cf8f0c0d32522bc3d2ebe59d1fa46611d3369c96','cgreser8d@wix.com','0852345678',28,'cgreser8d@wix.com',3,1),(352,'Amelia','Doherty','cf8f0c0d32522bc3d2ebe59d1fa46611d3369c96','sgreed8e@hhs.gov','0863456789',17,'sgreed8e@hhs.gov',3,1),(353,'Isabella','Byrne','cf8f0c0d32522bc3d2ebe59d1fa46611d3369c96','jpavy8f@topsy.com','0863456789',28,'jpavy8f@topsy.com',3,1),(354,'Sophia','Ryan','cf8f0c0d32522bc3d2ebe59d1fa46611d3369c96','cfrancecione8g@microsoft.com','0863456789',26,'cfrancecione8g@microsoft.com',3,1),(355,'Amelia','Ryan','cf8f0c0d32522bc3d2ebe59d1fa46611d3369c96','jchatwin8h@vk.com','0863456789',29,'jchatwin8h@vk.com',3,1),(356,'James','Byrne','cf8f0c0d32522bc3d2ebe59d1fa46611d3369c96','wpettis8i@google.com','0852345678',33,'wpettis8i@google.com',3,1),(357,'Ethan','Doherty','cf8f0c0d32522bc3d2ebe59d1fa46611d3369c96','alambkin8j@php.net','0863456789',7,'alambkin8j@php.net',3,1),(358,'Ella','Ryan','cf8f0c0d32522bc3d2ebe59d1fa46611d3369c96','gtorrance8k@senate.gov','0852345678',7,'gtorrance8k@senate.gov',3,1),(359,'William','Walsh','cf8f0c0d32522bc3d2ebe59d1fa46611d3369c96','gjenyns8l@sciencedaily.com','0874567890',15,'gjenyns8l@sciencedaily.com',3,1),(360,'Ella','Lynch','cf8f0c0d32522bc3d2ebe59d1fa46611d3369c96','bsire8m@wikipedia.org','0874567890',19,'bsire8m@wikipedia.org',3,1),(361,'Jack','Ryan','cf8f0c0d32522bc3d2ebe59d1fa46611d3369c96','tpester8n@g.co','0863456789',9,'tpester8n@g.co',3,1),(362,'Luke','Ryan','cf8f0c0d32522bc3d2ebe59d1fa46611d3369c96','jbwy8o@vk.com','0863456789',12,'jbwy8o@vk.com',3,1),(363,'Amelia','Byrne','cf8f0c0d32522bc3d2ebe59d1fa46611d3369c96','rmarrill8p@sogou.com','0852345678',20,'rmarrill8p@sogou.com',3,1),(364,'Amelia','Sullivan','cf8f0c0d32522bc3d2ebe59d1fa46611d3369c96','kglasson8q@cnn.com','0863456789',4,'kglasson8q@cnn.com',3,1),(365,'Olivia','Doherty','cf8f0c0d32522bc3d2ebe59d1fa46611d3369c96','gfoxen8r@house.gov','0852345678',14,'gfoxen8r@house.gov',3,1),(366,'Sophia','Murphy','cf8f0c0d32522bc3d2ebe59d1fa46611d3369c96','fcordingly8s@xinhuanet.com','0841234567',13,'fcordingly8s@xinhuanet.com',3,1),(367,'Charlotte','O\'Brien','cf8f0c0d32522bc3d2ebe59d1fa46611d3369c96','gtomalin8t@yahoo.co.jp','0863456789',1,'gtomalin8t@yahoo.co.jp',3,1),(368,'William','Byrne','cf8f0c0d32522bc3d2ebe59d1fa46611d3369c96','aazam8u@mozilla.org','0841234567',16,'aazam8u@mozilla.org',3,1),(369,'Mia','Lynch','cf8f0c0d32522bc3d2ebe59d1fa46611d3369c96','civeson8v@omniture.com','0852345678',35,'civeson8v@omniture.com',3,1),(370,'Liam','Kennedy','cf8f0c0d32522bc3d2ebe59d1fa46611d3369c96','ccrunkhorn8w@1688.com','0841234567',27,'ccrunkhorn8w@1688.com',3,1),(371,'Olivia','O\'Brien','cf8f0c0d32522bc3d2ebe59d1fa46611d3369c96','cdalton8x@berkeley.edu','0874567890',6,'cdalton8x@berkeley.edu',3,1),(372,'Sophia','O\'Brien','cf8f0c0d32522bc3d2ebe59d1fa46611d3369c96','gsteiner8y@intel.com','0841234567',5,'gsteiner8y@intel.com',3,1),(373,'Isabella','O\'Brien','cf8f0c0d32522bc3d2ebe59d1fa46611d3369c96','jhuxstep8z@blinklist.com','0841234567',28,'jhuxstep8z@blinklist.com',3,1),(374,'Amelia','Kelly','cf8f0c0d32522bc3d2ebe59d1fa46611d3369c96','kmitchard90@biglobe.ne.jp','0874567890',1,'kmitchard90@biglobe.ne.jp',3,1),(375,'Ava','Doherty','cf8f0c0d32522bc3d2ebe59d1fa46611d3369c96','sstarzaker91@cafepress.com','0874567890',24,'sstarzaker91@cafepress.com',3,1),(376,'Ethan','O\'Brien','cf8f0c0d32522bc3d2ebe59d1fa46611d3369c96','dcrann92@macromedia.com','0874567890',20,'dcrann92@macromedia.com',3,1),(377,'William','Lynch','cf8f0c0d32522bc3d2ebe59d1fa46611d3369c96','asandal93@cdc.gov','0874567890',5,'asandal93@cdc.gov',3,1),(378,'Mia','Ryan','cf8f0c0d32522bc3d2ebe59d1fa46611d3369c96','jindge94@simplemachines.org','0841234567',8,'jindge94@simplemachines.org',3,1),(379,'Jack','Kennedy','cf8f0c0d32522bc3d2ebe59d1fa46611d3369c96','bgerring95@apple.com','0874567890',12,'bgerring95@apple.com',3,1),(380,'Ella','Byrne','cf8f0c0d32522bc3d2ebe59d1fa46611d3369c96','mlassey96@tmall.com','0841234567',1,'mlassey96@tmall.com',3,1),(381,'Jack','Doherty','cf8f0c0d32522bc3d2ebe59d1fa46611d3369c96','bmeneely97@guardian.co.uk','0852345678',26,'bmeneely97@guardian.co.uk',3,1),(382,'Ethan','Ryan','cf8f0c0d32522bc3d2ebe59d1fa46611d3369c96','wspicer98@paypal.com','0863456789',14,'wspicer98@paypal.com',3,1),(383,'Ava','Kennedy','cf8f0c0d32522bc3d2ebe59d1fa46611d3369c96','phuge99@yellowbook.com','0841234567',2,'phuge99@yellowbook.com',3,1),(384,'Mia','Sullivan','cf8f0c0d32522bc3d2ebe59d1fa46611d3369c96','jhalson9a@ted.com','0841234567',16,'jhalson9a@ted.com',3,1),(385,'Sophia','Lynch','cf8f0c0d32522bc3d2ebe59d1fa46611d3369c96','akench9b@pagesperso-orange.fr','0874567890',28,'akench9b@pagesperso-orange.fr',3,1),(386,'Ella','Ryan','cf8f0c0d32522bc3d2ebe59d1fa46611d3369c96','nmcmillam9c@blogger.com','0841234567',34,'nmcmillam9c@blogger.com',3,1),(387,'Olivia','Sullivan','cf8f0c0d32522bc3d2ebe59d1fa46611d3369c96','bjeffreys9d@flavors.me','0863456789',30,'bjeffreys9d@flavors.me',3,1),(388,'Amelia','Byrne','cf8f0c0d32522bc3d2ebe59d1fa46611d3369c96','dmadge9e@si.edu','0863456789',23,'dmadge9e@si.edu',3,1),(389,'Mia','O\'Brien','cf8f0c0d32522bc3d2ebe59d1fa46611d3369c96','jflorio9f@examiner.com','0852345678',15,'jflorio9f@examiner.com',3,1),(390,'Emma','Ryan','cf8f0c0d32522bc3d2ebe59d1fa46611d3369c96','nduckerin9g@vistaprint.com','0852345678',30,'nduckerin9g@vistaprint.com',3,1),(391,'Ella','Kelly','cf8f0c0d32522bc3d2ebe59d1fa46611d3369c96','ttunnow9h@paypal.com','0841234567',7,'ttunnow9h@paypal.com',3,1),(392,'Olivia','Lynch','cf8f0c0d32522bc3d2ebe59d1fa46611d3369c96','dbrant9i@last.fm','0841234567',32,'dbrant9i@last.fm',3,1),(393,'Emma','Walsh','cf8f0c0d32522bc3d2ebe59d1fa46611d3369c96','dranscome9j@pinterest.com','0841234567',16,'dranscome9j@pinterest.com',3,1),(394,'Noah','Sullivan','cf8f0c0d32522bc3d2ebe59d1fa46611d3369c96','awindous9k@wikipedia.org','0874567890',25,'awindous9k@wikipedia.org',3,1),(395,'Emma','Doherty','cf8f0c0d32522bc3d2ebe59d1fa46611d3369c96','gwitherdon9l@hostgator.com','0852345678',10,'gwitherdon9l@hostgator.com',3,1),(396,'Liam','Lynch','cf8f0c0d32522bc3d2ebe59d1fa46611d3369c96','amerrall9m@si.edu','0841234567',32,'amerrall9m@si.edu',3,1),(397,'Liam','Byrne','cf8f0c0d32522bc3d2ebe59d1fa46611d3369c96','klaunder9n@ed.gov','0852345678',26,'klaunder9n@ed.gov',3,1),(398,'Amelia','Doherty','cf8f0c0d32522bc3d2ebe59d1fa46611d3369c96','dharral9o@disqus.com','0852345678',29,'dharral9o@disqus.com',3,1),(399,'Liam','Sullivan','cf8f0c0d32522bc3d2ebe59d1fa46611d3369c96','swigginton9p@sogou.com','0863456789',15,'swigginton9p@sogou.com',3,1),(400,'Emma','Doherty','cf8f0c0d32522bc3d2ebe59d1fa46611d3369c96','edeyes9q@newsvine.com','0841234567',19,'edeyes9q@newsvine.com',3,1),(401,'Luke','Kelly','cf8f0c0d32522bc3d2ebe59d1fa46611d3369c96','dketley9r@elpais.com','0852345678',1,'dketley9r@elpais.com',3,1),(402,'James','Lynch','cf8f0c0d32522bc3d2ebe59d1fa46611d3369c96','rostridge9s@123-reg.co.uk','0874567890',32,'rostridge9s@123-reg.co.uk',3,1),(403,'Isabella','Kelly','cf8f0c0d32522bc3d2ebe59d1fa46611d3369c96','gcaddie9t@cisco.com','0863456789',17,'gcaddie9t@cisco.com',3,1),(404,'Sophia','Kelly','cf8f0c0d32522bc3d2ebe59d1fa46611d3369c96','rsimkins9u@flickr.com','0841234567',18,'rsimkins9u@flickr.com',3,1),(405,'James','O\'Brien','cf8f0c0d32522bc3d2ebe59d1fa46611d3369c96','letchells9v@china.com.cn','0841234567',24,'letchells9v@china.com.cn',3,1),(406,'Amelia','Sullivan','cf8f0c0d32522bc3d2ebe59d1fa46611d3369c96','cmayler9w@nationalgeographic.com','0841234567',37,'cmayler9w@nationalgeographic.com',3,1),(407,'James','Kennedy','cf8f0c0d32522bc3d2ebe59d1fa46611d3369c96','lwegenen9x@independent.co.uk','0852345678',13,'lwegenen9x@independent.co.uk',3,1),(408,'William','Doherty','cf8f0c0d32522bc3d2ebe59d1fa46611d3369c96','amayall9y@homestead.com','0874567890',13,'amayall9y@homestead.com',3,1),(409,'Ava','Byrne','cf8f0c0d32522bc3d2ebe59d1fa46611d3369c96','cmaffioni9z@newsvine.com','0874567890',37,'cmaffioni9z@newsvine.com',3,1),(410,'Olivia','Walsh','cf8f0c0d32522bc3d2ebe59d1fa46611d3369c96','dtreacya0@de.vu','0841234567',11,'dtreacya0@de.vu',3,1),(411,'Luke','Walsh','cf8f0c0d32522bc3d2ebe59d1fa46611d3369c96','jeliota1@cloudflare.com','0852345678',30,'jeliota1@cloudflare.com',3,1),(412,'Emma','Kelly','cf8f0c0d32522bc3d2ebe59d1fa46611d3369c96','acraddocka2@tumblr.com','0863456789',37,'acraddocka2@tumblr.com',3,1),(413,'Liam','Murphy','cf8f0c0d32522bc3d2ebe59d1fa46611d3369c96','gboltea3@clickbank.net','0874567890',15,'gboltea3@clickbank.net',3,1),(414,'Luke','Lynch','cf8f0c0d32522bc3d2ebe59d1fa46611d3369c96','gcantoa4@mlb.com','0852345678',14,'gcantoa4@mlb.com',3,1),(415,'William','Doherty','cf8f0c0d32522bc3d2ebe59d1fa46611d3369c96','amcgluea5@so-net.ne.jp','0841234567',27,'amcgluea5@so-net.ne.jp',3,1),(416,'Sophia','Kennedy','cf8f0c0d32522bc3d2ebe59d1fa46611d3369c96','flovicka6@gizmodo.com','0841234567',20,'flovicka6@gizmodo.com',3,1),(417,'Ella','Kennedy','cf8f0c0d32522bc3d2ebe59d1fa46611d3369c96','scoana7@house.gov','0863456789',20,'scoana7@house.gov',3,1),(418,'Ethan','Lynch','cf8f0c0d32522bc3d2ebe59d1fa46611d3369c96','lpegdena8@techcrunch.com','0852345678',23,'lpegdena8@techcrunch.com',3,1),(419,'Emma','Ryan','cf8f0c0d32522bc3d2ebe59d1fa46611d3369c96','lwalkingtona9@ucla.edu','0841234567',30,'lwalkingtona9@ucla.edu',3,1),(420,'Emma','Lynch','cf8f0c0d32522bc3d2ebe59d1fa46611d3369c96','sgrovenaa@irs.gov','0874567890',23,'sgrovenaa@irs.gov',3,1),(421,'James','Walsh','cf8f0c0d32522bc3d2ebe59d1fa46611d3369c96','nvansalzbergerab@fastcompany.com','0874567890',31,'nvansalzbergerab@fastcompany.com',3,1),(422,'Emma','Lynch','cf8f0c0d32522bc3d2ebe59d1fa46611d3369c96','cbonnefinac@is.gd','0841234567',32,'cbonnefinac@is.gd',3,1),(423,'Isabella','Ryan','cf8f0c0d32522bc3d2ebe59d1fa46611d3369c96','ldeathead@cafepress.com','0852345678',10,'ldeathead@cafepress.com',3,1),(424,'Ella','Byrne','cf8f0c0d32522bc3d2ebe59d1fa46611d3369c96','vcrackettae@canalblog.com','0863456789',11,'vcrackettae@canalblog.com',3,1),(425,'Isabella','Byrne','cf8f0c0d32522bc3d2ebe59d1fa46611d3369c96','jarpeaf@quantcast.com','0863456789',1,'jarpeaf@quantcast.com',3,1),(426,'Ava','Lynch','cf8f0c0d32522bc3d2ebe59d1fa46611d3369c96','lsymeag@macromedia.com','0863456789',18,'lsymeag@macromedia.com',3,1),(427,'Amelia','Murphy','cf8f0c0d32522bc3d2ebe59d1fa46611d3369c96','sigguldenah@meetup.com','0841234567',3,'sigguldenah@meetup.com',3,1),(428,'Mia','Murphy','cf8f0c0d32522bc3d2ebe59d1fa46611d3369c96','agoodfellowai@sogou.com','0852345678',32,'agoodfellowai@sogou.com',3,1),(429,'Noah','Byrne','cf8f0c0d32522bc3d2ebe59d1fa46611d3369c96','eilesaj@state.gov','0863456789',27,'eilesaj@state.gov',3,1),(430,'William','Walsh','cf8f0c0d32522bc3d2ebe59d1fa46611d3369c96','wattestoneak@dot.gov','0841234567',9,'wattestoneak@dot.gov',3,1),(431,'Mia','Sullivan','cf8f0c0d32522bc3d2ebe59d1fa46611d3369c96','mpachal@ocn.ne.jp','0841234567',14,'mpachal@ocn.ne.jp',3,1),(432,'Emma','Ryan','cf8f0c0d32522bc3d2ebe59d1fa46611d3369c96','oancellam@reuters.com','0874567890',25,'oancellam@reuters.com',3,1),(433,'Liam','Walsh','cf8f0c0d32522bc3d2ebe59d1fa46611d3369c96','cmaymandan@bizjournals.com','0874567890',4,'cmaymandan@bizjournals.com',3,1),(434,'Luke','Byrne','cf8f0c0d32522bc3d2ebe59d1fa46611d3369c96','kmcnultyao@springer.com','0874567890',4,'kmcnultyao@springer.com',3,1),(435,'Ava','Kelly','cf8f0c0d32522bc3d2ebe59d1fa46611d3369c96','bpidgenap@house.gov','0874567890',15,'bpidgenap@house.gov',3,1),(436,'Olivia','Lynch','cf8f0c0d32522bc3d2ebe59d1fa46611d3369c96','osmithiesaq@seesaa.net','0863456789',5,'osmithiesaq@seesaa.net',3,1),(437,'James','Doherty','cf8f0c0d32522bc3d2ebe59d1fa46611d3369c96','dharmarar@homestead.com','0874567890',5,'dharmarar@homestead.com',3,1),(438,'Olivia','Doherty','cf8f0c0d32522bc3d2ebe59d1fa46611d3369c96','eadanezas@wunderground.com','0863456789',17,'eadanezas@wunderground.com',3,1),(439,'Noah','Murphy','cf8f0c0d32522bc3d2ebe59d1fa46611d3369c96','dscaliaat@opensource.org','0874567890',25,'dscaliaat@opensource.org',3,1),(440,'Luke','Byrne','cf8f0c0d32522bc3d2ebe59d1fa46611d3369c96','mmacshaneau@vkontakte.ru','0863456789',9,'mmacshaneau@vkontakte.ru',3,1),(441,'Mia','Kennedy','cf8f0c0d32522bc3d2ebe59d1fa46611d3369c96','kkleinsternav@cisco.com','0863456789',28,'kkleinsternav@cisco.com',3,1),(442,'Liam','Kelly','cf8f0c0d32522bc3d2ebe59d1fa46611d3369c96','jjobbinsaw@cam.ac.uk','0863456789',24,'jjobbinsaw@cam.ac.uk',3,1),(443,'Charlotte','Kennedy','cf8f0c0d32522bc3d2ebe59d1fa46611d3369c96','bhachetteax@nba.com','0863456789',37,'bhachetteax@nba.com',3,1),(444,'Ethan','Kelly','cf8f0c0d32522bc3d2ebe59d1fa46611d3369c96','ccasteloway@cnet.com','0863456789',36,'ccasteloway@cnet.com',3,1),(445,'Charlotte','Walsh','cf8f0c0d32522bc3d2ebe59d1fa46611d3369c96','mchapieraz@free.fr','0874567890',28,'mchapieraz@free.fr',3,1),(446,'William','Byrne','cf8f0c0d32522bc3d2ebe59d1fa46611d3369c96','amcgloneb0@google.com','0874567890',5,'amcgloneb0@google.com',3,1),(447,'Ethan','Byrne','cf8f0c0d32522bc3d2ebe59d1fa46611d3369c96','stokleyb1@is.gd','0852345678',31,'stokleyb1@is.gd',3,1),(448,'William','O\'Brien','cf8f0c0d32522bc3d2ebe59d1fa46611d3369c96','dphilipotb2@princeton.edu','0874567890',6,'dphilipotb2@princeton.edu',3,1),(449,'Luke','Doherty','cf8f0c0d32522bc3d2ebe59d1fa46611d3369c96','tcupperb3@usa.gov','0852345678',7,'tcupperb3@usa.gov',3,1),(450,'Jack','Byrne','cf8f0c0d32522bc3d2ebe59d1fa46611d3369c96','njakuboviczb4@ow.ly','0863456789',7,'njakuboviczb4@ow.ly',3,1),(451,'Ava','Ryan','cf8f0c0d32522bc3d2ebe59d1fa46611d3369c96','scluseb5@rambler.ru','0852345678',32,'scluseb5@rambler.ru',3,1),(452,'Luke','Murphy','cf8f0c0d32522bc3d2ebe59d1fa46611d3369c96','tcorkelb6@narod.ru','0874567890',21,'tcorkelb6@narod.ru',3,1),(453,'William','Sullivan','cf8f0c0d32522bc3d2ebe59d1fa46611d3369c96','dmoradb7@china.com.cn','0874567890',33,'dmoradb7@china.com.cn',3,1),(454,'Charlotte','Walsh','cf8f0c0d32522bc3d2ebe59d1fa46611d3369c96','mspurdensb8@360.cn','0863456789',1,'mspurdensb8@360.cn',3,1),(455,'James','Kelly','cf8f0c0d32522bc3d2ebe59d1fa46611d3369c96','cfarressb9@joomla.org','0863456789',26,'cfarressb9@joomla.org',3,1),(456,'Ethan','Kennedy','cf8f0c0d32522bc3d2ebe59d1fa46611d3369c96','cbarzba@cloudflare.com','0852345678',7,'cbarzba@cloudflare.com',3,1),(457,'Ella','Byrne','cf8f0c0d32522bc3d2ebe59d1fa46611d3369c96','hswiggerbb@nytimes.com','0841234567',18,'hswiggerbb@nytimes.com',3,1),(458,'Mia','O\'Brien','cf8f0c0d32522bc3d2ebe59d1fa46611d3369c96','tcurmebc@blogs.com','0863456789',15,'tcurmebc@blogs.com',3,1),(459,'Charlotte','Walsh','cf8f0c0d32522bc3d2ebe59d1fa46611d3369c96','mfreschinibd@foxnews.com','0863456789',7,'mfreschinibd@foxnews.com',3,1),(460,'Mia','Kelly','cf8f0c0d32522bc3d2ebe59d1fa46611d3369c96','jfranssonbe@tripod.com','0852345678',9,'jfranssonbe@tripod.com',3,1),(461,'Olivia','Doherty','cf8f0c0d32522bc3d2ebe59d1fa46611d3369c96','jdwyerbf@archive.org','0852345678',14,'jdwyerbf@archive.org',3,1),(462,'Ava','Byrne','cf8f0c0d32522bc3d2ebe59d1fa46611d3369c96','klabbettbg@cam.ac.uk','0874567890',31,'klabbettbg@cam.ac.uk',3,1),(463,'Mia','Kennedy','cf8f0c0d32522bc3d2ebe59d1fa46611d3369c96','snuzzibh@economist.com','0874567890',27,'snuzzibh@economist.com',3,1),(464,'Luke','Sullivan','cf8f0c0d32522bc3d2ebe59d1fa46611d3369c96','akobabi@over-blog.com','0852345678',6,'akobabi@over-blog.com',3,1),(465,'James','Kelly','cf8f0c0d32522bc3d2ebe59d1fa46611d3369c96','cpencostbj@theglobeandmail.com','0852345678',18,'cpencostbj@theglobeandmail.com',3,1),(466,'William','Doherty','cf8f0c0d32522bc3d2ebe59d1fa46611d3369c96','pcoursebk@nature.com','0852345678',6,'pcoursebk@nature.com',3,1),(467,'Olivia','Doherty','cf8f0c0d32522bc3d2ebe59d1fa46611d3369c96','fdrewittbl@ibm.com','0863456789',36,'fdrewittbl@ibm.com',3,1),(468,'Charlotte','Sullivan','cf8f0c0d32522bc3d2ebe59d1fa46611d3369c96','nbaxstairbm@comsenz.com','0852345678',33,'nbaxstairbm@comsenz.com',3,1),(469,'Amelia','Byrne','cf8f0c0d32522bc3d2ebe59d1fa46611d3369c96','abrannobn@soundcloud.com','0874567890',6,'abrannobn@soundcloud.com',3,1),(470,'Emma','Walsh','cf8f0c0d32522bc3d2ebe59d1fa46611d3369c96','kspratleybo@google.com.au','0852345678',23,'kspratleybo@google.com.au',3,1),(471,'Olivia','Lynch','cf8f0c0d32522bc3d2ebe59d1fa46611d3369c96','melizabethbp@symantec.com','0874567890',4,'melizabethbp@symantec.com',3,1),(472,'Jack','Sullivan','cf8f0c0d32522bc3d2ebe59d1fa46611d3369c96','rscamelbq@wikispaces.com','0841234567',10,'rscamelbq@wikispaces.com',3,1),(473,'Mia','Kennedy','cf8f0c0d32522bc3d2ebe59d1fa46611d3369c96','nstatenbr@w3.org','0874567890',4,'nstatenbr@w3.org',3,1),(474,'Sophia','Sullivan','cf8f0c0d32522bc3d2ebe59d1fa46611d3369c96','hwaldrenbs@yandex.ru','0841234567',27,'hwaldrenbs@yandex.ru',3,1),(475,'Ella','Murphy','cf8f0c0d32522bc3d2ebe59d1fa46611d3369c96','mhayfieldbt@woothemes.com','0852345678',27,'mhayfieldbt@woothemes.com',3,1),(476,'Emma','Walsh','cf8f0c0d32522bc3d2ebe59d1fa46611d3369c96','fabramovitchbu@upenn.edu','0863456789',13,'fabramovitchbu@upenn.edu',3,1),(477,'Jack','Kennedy','cf8f0c0d32522bc3d2ebe59d1fa46611d3369c96','blittlefieldbv@sogou.com','0874567890',36,'blittlefieldbv@sogou.com',3,1),(478,'Ella','Lynch','cf8f0c0d32522bc3d2ebe59d1fa46611d3369c96','mhoysbw@amazonaws.com','0852345678',25,'mhoysbw@amazonaws.com',3,1),(479,'Mia','Sullivan','cf8f0c0d32522bc3d2ebe59d1fa46611d3369c96','sburridgebx@phoca.cz','0852345678',1,'sburridgebx@phoca.cz',3,1),(480,'Emma','Sullivan','cf8f0c0d32522bc3d2ebe59d1fa46611d3369c96','ddavidgeby@globo.com','0841234567',25,'ddavidgeby@globo.com',3,1),(481,'Ethan','Walsh','cf8f0c0d32522bc3d2ebe59d1fa46611d3369c96','cescofierbz@jigsy.com','0863456789',32,'cescofierbz@jigsy.com',3,1),(482,'Amelia','Ryan','cf8f0c0d32522bc3d2ebe59d1fa46611d3369c96','lmacieiczykc0@dot.gov','0863456789',29,'lmacieiczykc0@dot.gov',3,1),(483,'Luke','Sullivan','cf8f0c0d32522bc3d2ebe59d1fa46611d3369c96','jitschakovc1@xinhuanet.com','0874567890',21,'jitschakovc1@xinhuanet.com',3,1),(484,'William','Doherty','cf8f0c0d32522bc3d2ebe59d1fa46611d3369c96','cjesticoc2@mozilla.com','0841234567',26,'cjesticoc2@mozilla.com',3,1),(485,'James','Sullivan','cf8f0c0d32522bc3d2ebe59d1fa46611d3369c96','gpinkertonc3@edublogs.org','0863456789',17,'gpinkertonc3@edublogs.org',3,1),(486,'Jack','Byrne','cf8f0c0d32522bc3d2ebe59d1fa46611d3369c96','agammackc4@omniture.com','0852345678',15,'agammackc4@omniture.com',3,1),(487,'James','Walsh','cf8f0c0d32522bc3d2ebe59d1fa46611d3369c96','nscutchingsc5@bloglines.com','0874567890',28,'nscutchingsc5@bloglines.com',3,1),(488,'Charlotte','Kelly','cf8f0c0d32522bc3d2ebe59d1fa46611d3369c96','mrootsc6@instagram.com','0874567890',17,'mrootsc6@instagram.com',3,1),(489,'Mia','Sullivan','cf8f0c0d32522bc3d2ebe59d1fa46611d3369c96','lharefootc7@hatena.ne.jp','0874567890',3,'lharefootc7@hatena.ne.jp',3,1),(490,'Olivia','Kennedy','cf8f0c0d32522bc3d2ebe59d1fa46611d3369c96','mlochranc8@baidu.com','0852345678',31,'mlochranc8@baidu.com',3,1),(491,'Ella','O\'Brien','cf8f0c0d32522bc3d2ebe59d1fa46611d3369c96','lcrosbiec9@homestead.com','0852345678',36,'lcrosbiec9@homestead.com',3,1),(492,'Mia','Doherty','cf8f0c0d32522bc3d2ebe59d1fa46611d3369c96','wthewsca@ebay.co.uk','0841234567',14,'wthewsca@ebay.co.uk',3,1),(493,'Isabella','Lynch','cf8f0c0d32522bc3d2ebe59d1fa46611d3369c96','acullinancb@scientificamerican.com','0852345678',19,'acullinancb@scientificamerican.com',3,1),(494,'Jack','Kennedy','cf8f0c0d32522bc3d2ebe59d1fa46611d3369c96','tbolinocc@thetimes.co.uk','0841234567',10,'tbolinocc@thetimes.co.uk',3,1),(495,'Jack','Kelly','cf8f0c0d32522bc3d2ebe59d1fa46611d3369c96','jmatuskacd@ted.com','0852345678',11,'jmatuskacd@ted.com',3,1),(496,'Sophia','Sullivan','cf8f0c0d32522bc3d2ebe59d1fa46611d3369c96','mpennerce@cpanel.net','0874567890',10,'mpennerce@cpanel.net',3,1),(497,'Jack','Murphy','cf8f0c0d32522bc3d2ebe59d1fa46611d3369c96','mandrincf@cdc.gov','0863456789',29,'mandrincf@cdc.gov',3,1),(498,'Jack','Byrne','cf8f0c0d32522bc3d2ebe59d1fa46611d3369c96','kweekescg@webeden.co.uk','0863456789',8,'kweekescg@webeden.co.uk',3,1),(499,'Emma','O\'Brien','cf8f0c0d32522bc3d2ebe59d1fa46611d3369c96','tbroschekch@wiley.com','0852345678',18,'tbroschekch@wiley.com',3,1),(500,'Sophia','Byrne','cf8f0c0d32522bc3d2ebe59d1fa46611d3369c96','rlemmerci@arizona.edu','0852345678',31,'rlemmerci@arizona.edu',3,1),(501,'Ethan','Kelly','cf8f0c0d32522bc3d2ebe59d1fa46611d3369c96','gfolkercj@disqus.com','0852345678',20,'gfolkercj@disqus.com',3,1),(502,'Sophia','Byrne','cf8f0c0d32522bc3d2ebe59d1fa46611d3369c96','ggauvinck@dailymail.co.uk','0852345678',20,'ggauvinck@dailymail.co.uk',3,1),(503,'Ethan','Kelly','cf8f0c0d32522bc3d2ebe59d1fa46611d3369c96','mgrimshawcl@bizjournals.com','0852345678',6,'mgrimshawcl@bizjournals.com',3,1),(504,'Noah','Murphy','cf8f0c0d32522bc3d2ebe59d1fa46611d3369c96','pruttycm@themeforest.net','0852345678',5,'pruttycm@themeforest.net',3,1),(505,'Ava','Sullivan','cf8f0c0d32522bc3d2ebe59d1fa46611d3369c96','vangovecn@gov.uk','0863456789',15,'vangovecn@gov.uk',3,1),(506,'Emma','Walsh','cf8f0c0d32522bc3d2ebe59d1fa46611d3369c96','frodnightco@naver.com','0863456789',29,'frodnightco@naver.com',3,1),(507,'Liam','Kelly','cf8f0c0d32522bc3d2ebe59d1fa46611d3369c96','slegoodcp@sciencedaily.com','0841234567',9,'slegoodcp@sciencedaily.com',3,1),(508,'Isabella','Sullivan','cf8f0c0d32522bc3d2ebe59d1fa46611d3369c96','tmarlencq@redcross.org','0863456789',23,'tmarlencq@redcross.org',3,1),(509,'Jack','Kelly','cf8f0c0d32522bc3d2ebe59d1fa46611d3369c96','mdrydencr@netscape.com','0852345678',10,'mdrydencr@netscape.com',3,1),(510,'Luke','Doherty','cf8f0c0d32522bc3d2ebe59d1fa46611d3369c96','jmclagancs@mail.ru','0841234567',23,'jmclagancs@mail.ru',3,1),(511,'Olivia','Kennedy','cf8f0c0d32522bc3d2ebe59d1fa46611d3369c96','lrapleyct@de.vu','0863456789',1,'lrapleyct@de.vu',3,1),(512,'Sophia','Walsh','cf8f0c0d32522bc3d2ebe59d1fa46611d3369c96','fgiovannardicu@pcworld.com','0863456789',18,'fgiovannardicu@pcworld.com',3,1),(513,'Jack','Byrne','cf8f0c0d32522bc3d2ebe59d1fa46611d3369c96','mdomleocv@latimes.com','0852345678',17,'mdomleocv@latimes.com',3,1),(514,'Ella','Murphy','cf8f0c0d32522bc3d2ebe59d1fa46611d3369c96','nflellocw@is.gd','0841234567',18,'nflellocw@is.gd',3,1),(515,'Emma','Murphy','cf8f0c0d32522bc3d2ebe59d1fa46611d3369c96','cstorahcx@symantec.com','0874567890',37,'cstorahcx@symantec.com',3,1),(516,'Amelia','Sullivan','cf8f0c0d32522bc3d2ebe59d1fa46611d3369c96','mdellcasacy@icq.com','0863456789',34,'mdellcasacy@icq.com',3,1),(517,'Ava','O\'Brien','cf8f0c0d32522bc3d2ebe59d1fa46611d3369c96','cspeachleycz@tiny.cc','0874567890',17,'cspeachleycz@tiny.cc',3,1),(518,'Charlotte','Doherty','cf8f0c0d32522bc3d2ebe59d1fa46611d3369c96','ltapscottd0@wsj.com','0841234567',8,'ltapscottd0@wsj.com',3,1),(519,'Olivia','Walsh','cf8f0c0d32522bc3d2ebe59d1fa46611d3369c96','dpesseld1@google.co.uk','0874567890',19,'dpesseld1@google.co.uk',3,1),(520,'Jack','Kelly','cf8f0c0d32522bc3d2ebe59d1fa46611d3369c96','eduthied2@china.com.cn','0852345678',14,'eduthied2@china.com.cn',3,1),(521,'Mia','Byrne','cf8f0c0d32522bc3d2ebe59d1fa46611d3369c96','mlinggardd3@mapquest.com','0863456789',11,'mlinggardd3@mapquest.com',3,1),(522,'Charlotte','Sullivan','cf8f0c0d32522bc3d2ebe59d1fa46611d3369c96','rbudgetd4@bigcartel.com','0863456789',4,'rbudgetd4@bigcartel.com',3,1),(523,'Charlotte','Kennedy','cf8f0c0d32522bc3d2ebe59d1fa46611d3369c96','iprozesckyd5@businessweek.com','0863456789',21,'iprozesckyd5@businessweek.com',3,1),(524,'Isabella','Ryan','cf8f0c0d32522bc3d2ebe59d1fa46611d3369c96','eminchintond6@privacy.gov.au','0841234567',36,'eminchintond6@privacy.gov.au',3,1),(525,'William','O\'Brien','cf8f0c0d32522bc3d2ebe59d1fa46611d3369c96','hbesseyd7@cyberchimps.com','0874567890',11,'hbesseyd7@cyberchimps.com',3,1),(526,'Amelia','O\'Brien','cf8f0c0d32522bc3d2ebe59d1fa46611d3369c96','tanthesd8@census.gov','0852345678',24,'tanthesd8@census.gov',3,1),(527,'Ethan','Ryan','cf8f0c0d32522bc3d2ebe59d1fa46611d3369c96','ewynchd9@networksolutions.com','0863456789',7,'ewynchd9@networksolutions.com',3,1),(528,'William','Walsh','cf8f0c0d32522bc3d2ebe59d1fa46611d3369c96','mmenicoda@webnode.com','0874567890',28,'mmenicoda@webnode.com',3,1),(529,'Amelia','Sullivan','cf8f0c0d32522bc3d2ebe59d1fa46611d3369c96','carmsteaddb@chronoengine.com','0841234567',18,'carmsteaddb@chronoengine.com',3,1),(530,'Luke','Doherty','cf8f0c0d32522bc3d2ebe59d1fa46611d3369c96','fpavettdc@wisc.edu','0863456789',2,'fpavettdc@wisc.edu',3,1),(531,'Amelia','Walsh','cf8f0c0d32522bc3d2ebe59d1fa46611d3369c96','jkolyagindd@lycos.com','0841234567',4,'jkolyagindd@lycos.com',3,1),(532,'Ava','Kennedy','cf8f0c0d32522bc3d2ebe59d1fa46611d3369c96','aluttgertde@webnode.com','0852345678',31,'aluttgertde@webnode.com',3,1),(533,'Ethan','Kelly','cf8f0c0d32522bc3d2ebe59d1fa46611d3369c96','kkeersdf@webs.com','0863456789',32,'kkeersdf@webs.com',3,1),(534,'Luke','Kelly','cf8f0c0d32522bc3d2ebe59d1fa46611d3369c96','cpaulodg@reverbnation.com','0874567890',5,'cpaulodg@reverbnation.com',3,1),(535,'Ella','Doherty','cf8f0c0d32522bc3d2ebe59d1fa46611d3369c96','ahellekerdh@meetup.com','0874567890',16,'ahellekerdh@meetup.com',3,1),(536,'Ella','Doherty','cf8f0c0d32522bc3d2ebe59d1fa46611d3369c96','mwalasikdi@guardian.co.uk','0874567890',29,'mwalasikdi@guardian.co.uk',3,1),(537,'Liam','Kelly','cf8f0c0d32522bc3d2ebe59d1fa46611d3369c96','ncornboroughdj@1688.com','0874567890',6,'ncornboroughdj@1688.com',3,1),(538,'Isabella','Ryan','cf8f0c0d32522bc3d2ebe59d1fa46611d3369c96','kluckindk@disqus.com','0874567890',36,'kluckindk@disqus.com',3,1),(539,'Noah','Ryan','cf8f0c0d32522bc3d2ebe59d1fa46611d3369c96','jdrakersdl@skype.com','0841234567',2,'jdrakersdl@skype.com',3,1),(540,'Amelia','Murphy','cf8f0c0d32522bc3d2ebe59d1fa46611d3369c96','jpearledm@disqus.com','0841234567',27,'jpearledm@disqus.com',3,1),(541,'Ava','Murphy','cf8f0c0d32522bc3d2ebe59d1fa46611d3369c96','wlabeldn@webeden.co.uk','0874567890',34,'wlabeldn@webeden.co.uk',3,1),(542,'Jack','Lynch','cf8f0c0d32522bc3d2ebe59d1fa46611d3369c96','sbenaharondo@dagondesign.com','0874567890',6,'sbenaharondo@dagondesign.com',3,1),(543,'Noah','Ryan','cf8f0c0d32522bc3d2ebe59d1fa46611d3369c96','ysandalldp@de.vu','0874567890',2,'ysandalldp@de.vu',3,1),(544,'Ethan','Sullivan','cf8f0c0d32522bc3d2ebe59d1fa46611d3369c96','sgounetdq@yahoo.co.jp','0863456789',33,'sgounetdq@yahoo.co.jp',3,1),(545,'James','Ryan','cf8f0c0d32522bc3d2ebe59d1fa46611d3369c96','estrickettdr@moonfruit.com','0841234567',19,'estrickettdr@moonfruit.com',3,1),(546,'Mia','Walsh','cf8f0c0d32522bc3d2ebe59d1fa46611d3369c96','asidwellds@twitter.com','0852345678',24,'asidwellds@twitter.com',3,1),(547,'Noah','Lynch','cf8f0c0d32522bc3d2ebe59d1fa46611d3369c96','drudolfdt@comsenz.com','0863456789',3,'drudolfdt@comsenz.com',3,1),(548,'Emma','O\'Brien','cf8f0c0d32522bc3d2ebe59d1fa46611d3369c96','dcassardu@hexun.com','0874567890',29,'dcassardu@hexun.com',3,1),(549,'James','Kelly','cf8f0c0d32522bc3d2ebe59d1fa46611d3369c96','whugonetdv@jigsy.com','0841234567',31,'whugonetdv@jigsy.com',3,1),(550,'Noah','O\'Brien','cf8f0c0d32522bc3d2ebe59d1fa46611d3369c96','chancorndw@domainmarket.com','0852345678',24,'chancorndw@domainmarket.com',3,1),(551,'Noah','Sullivan','cf8f0c0d32522bc3d2ebe59d1fa46611d3369c96','vfarquarsondx@ezinearticles.com','0863456789',13,'vfarquarsondx@ezinearticles.com',3,1),(552,'Ella','Lynch','cf8f0c0d32522bc3d2ebe59d1fa46611d3369c96','badamczykdy@dot.gov','0841234567',34,'badamczykdy@dot.gov',3,1),(553,'Jack','Ryan','cf8f0c0d32522bc3d2ebe59d1fa46611d3369c96','mthoulessdz@flavors.me','0863456789',19,'mthoulessdz@flavors.me',3,1),(554,'Luke','Walsh','cf8f0c0d32522bc3d2ebe59d1fa46611d3369c96','ddytee0@dailymail.co.uk','0852345678',29,'ddytee0@dailymail.co.uk',3,1),(555,'Jack','Murphy','cf8f0c0d32522bc3d2ebe59d1fa46611d3369c96','jtownsleye1@toplist.cz','0874567890',31,'jtownsleye1@toplist.cz',3,1),(556,'Ella','Lynch','cf8f0c0d32522bc3d2ebe59d1fa46611d3369c96','zguiderae2@xrea.com','0874567890',1,'zguiderae2@xrea.com',3,1),(557,'Noah','Walsh','cf8f0c0d32522bc3d2ebe59d1fa46611d3369c96','emccaheye3@patch.com','0863456789',37,'emccaheye3@patch.com',3,1),(558,'Emma','Murphy','cf8f0c0d32522bc3d2ebe59d1fa46611d3369c96','zklasinge4@ebay.co.uk','0841234567',27,'zklasinge4@ebay.co.uk',3,1),(559,'Luke','Lynch','cf8f0c0d32522bc3d2ebe59d1fa46611d3369c96','xanselmie5@csmonitor.com','0874567890',21,'xanselmie5@csmonitor.com',3,1),(560,'Ethan','Lynch','cf8f0c0d32522bc3d2ebe59d1fa46611d3369c96','rcollynse6@apache.org','0874567890',13,'rcollynse6@apache.org',3,1),(561,'Emma','Walsh','cf8f0c0d32522bc3d2ebe59d1fa46611d3369c96','oridgese7@wikimedia.org','0874567890',6,'oridgese7@wikimedia.org',3,1),(562,'James','Murphy','cf8f0c0d32522bc3d2ebe59d1fa46611d3369c96','awrightame8@cpanel.net','0852345678',26,'awrightame8@cpanel.net',3,1),(563,'Ella','O\'Brien','cf8f0c0d32522bc3d2ebe59d1fa46611d3369c96','ptignere9@marketwatch.com','0841234567',33,'ptignere9@marketwatch.com',3,1),(564,'Noah','Byrne','cf8f0c0d32522bc3d2ebe59d1fa46611d3369c96','dschaffelea@desdev.cn','0852345678',18,'dschaffelea@desdev.cn',3,1),(565,'Jack','Doherty','cf8f0c0d32522bc3d2ebe59d1fa46611d3369c96','mstanningeb@photobucket.com','0874567890',7,'mstanningeb@photobucket.com',3,1),(566,'Olivia','Sullivan','cf8f0c0d32522bc3d2ebe59d1fa46611d3369c96','flehenmannec@state.tx.us','0841234567',31,'flehenmannec@state.tx.us',3,1),(567,'Luke','Kelly','cf8f0c0d32522bc3d2ebe59d1fa46611d3369c96','aloxtoned@weather.com','0863456789',30,'aloxtoned@weather.com',3,1),(568,'Ava','Kelly','cf8f0c0d32522bc3d2ebe59d1fa46611d3369c96','ksheepyee@gmpg.org','0852345678',5,'ksheepyee@gmpg.org',3,1),(569,'Ava','Walsh','cf8f0c0d32522bc3d2ebe59d1fa46611d3369c96','kbehrensef@walmart.com','0874567890',35,'kbehrensef@walmart.com',3,1),(570,'Emma','O\'Brien','cf8f0c0d32522bc3d2ebe59d1fa46611d3369c96','scowwelleg@arstechnica.com','0874567890',37,'scowwelleg@arstechnica.com',3,1),(571,'Olivia','Murphy','cf8f0c0d32522bc3d2ebe59d1fa46611d3369c96','cdanielloteh@edublogs.org','0863456789',7,'cdanielloteh@edublogs.org',3,1),(572,'Mia','Walsh','cf8f0c0d32522bc3d2ebe59d1fa46611d3369c96','febiei@xrea.com','0874567890',12,'febiei@xrea.com',3,1),(573,'Emma','Sullivan','cf8f0c0d32522bc3d2ebe59d1fa46611d3369c96','vharkessej@nifty.com','0874567890',21,'vharkessej@nifty.com',3,1),(574,'Amelia','Walsh','cf8f0c0d32522bc3d2ebe59d1fa46611d3369c96','rcabaneek@list-manage.com','0874567890',14,'rcabaneek@list-manage.com',3,1),(575,'Ava','Kelly','cf8f0c0d32522bc3d2ebe59d1fa46611d3369c96','zmacteggartel@pagesperso-orange.fr','0874567890',29,'zmacteggartel@pagesperso-orange.fr',3,1),(576,'William','Kelly','cf8f0c0d32522bc3d2ebe59d1fa46611d3369c96','lbenyanem@de.vu','0863456789',30,'lbenyanem@de.vu',3,1),(577,'Amelia','Doherty','cf8f0c0d32522bc3d2ebe59d1fa46611d3369c96','mfrien@liveinternet.ru','0841234567',26,'mfrien@liveinternet.ru',3,1),(578,'Jack','Doherty','cf8f0c0d32522bc3d2ebe59d1fa46611d3369c96','wgilyotteo@hubpages.com','0863456789',28,'wgilyotteo@hubpages.com',3,1),(579,'Olivia','O\'Brien','cf8f0c0d32522bc3d2ebe59d1fa46611d3369c96','bchesnayep@google.pl','0852345678',20,'bchesnayep@google.pl',3,1),(580,'Sophia','Doherty','cf8f0c0d32522bc3d2ebe59d1fa46611d3369c96','tclimoeq@amazon.co.uk','0841234567',8,'tclimoeq@amazon.co.uk',3,1),(581,'Ethan','Lynch','cf8f0c0d32522bc3d2ebe59d1fa46611d3369c96','sgiurioer@biblegateway.com','0852345678',36,'sgiurioer@biblegateway.com',3,1),(582,'Liam','Lynch','cf8f0c0d32522bc3d2ebe59d1fa46611d3369c96','sarundeles@blogtalkradio.com','0841234567',2,'sarundeles@blogtalkradio.com',3,1),(583,'Mia','Kelly','cf8f0c0d32522bc3d2ebe59d1fa46611d3369c96','wbilbrookeet@google.co.jp','0841234567',29,'wbilbrookeet@google.co.jp',3,1),(584,'Liam','O\'Brien','cf8f0c0d32522bc3d2ebe59d1fa46611d3369c96','pcarreneu@bravesites.com','0841234567',36,'pcarreneu@bravesites.com',3,1),(585,'Amelia','O\'Brien','cf8f0c0d32522bc3d2ebe59d1fa46611d3369c96','aprahmev@squarespace.com','0874567890',19,'aprahmev@squarespace.com',3,1),(586,'Isabella','Kennedy','cf8f0c0d32522bc3d2ebe59d1fa46611d3369c96','reverilew@wired.com','0863456789',25,'reverilew@wired.com',3,1),(587,'Ella','Kelly','cf8f0c0d32522bc3d2ebe59d1fa46611d3369c96','elatekex@hc360.com','0852345678',24,'elatekex@hc360.com',3,1),(588,'Ava','Ryan','cf8f0c0d32522bc3d2ebe59d1fa46611d3369c96','sdavilleey@comsenz.com','0874567890',5,'sdavilleey@comsenz.com',3,1),(589,'Liam','Doherty','cf8f0c0d32522bc3d2ebe59d1fa46611d3369c96','amargiottaez@bigcartel.com','0874567890',22,'amargiottaez@bigcartel.com',3,1),(590,'William','Lynch','cf8f0c0d32522bc3d2ebe59d1fa46611d3369c96','tsamplesf0@imdb.com','0852345678',14,'tsamplesf0@imdb.com',3,1),(591,'Noah','Murphy','cf8f0c0d32522bc3d2ebe59d1fa46611d3369c96','nheadonf1@de.vu','0841234567',29,'nheadonf1@de.vu',3,1),(592,'Olivia','Byrne','cf8f0c0d32522bc3d2ebe59d1fa46611d3369c96','ldubarryf2@tinypic.com','0863456789',19,'ldubarryf2@tinypic.com',3,1),(593,'William','O\'Brien','cf8f0c0d32522bc3d2ebe59d1fa46611d3369c96','sfergussonf3@mozilla.org','0874567890',24,'sfergussonf3@mozilla.org',3,1),(594,'James','Kennedy','cf8f0c0d32522bc3d2ebe59d1fa46611d3369c96','cmcjarrowf4@php.net','0874567890',10,'cmcjarrowf4@php.net',3,1),(595,'Emma','Murphy','cf8f0c0d32522bc3d2ebe59d1fa46611d3369c96','mantonomoliif5@rediff.com','0874567890',21,'mantonomoliif5@rediff.com',3,1),(596,'Amelia','Lynch','cf8f0c0d32522bc3d2ebe59d1fa46611d3369c96','dborrowsf6@fda.gov','0852345678',33,'dborrowsf6@fda.gov',3,1),(597,'Ella','Lynch','cf8f0c0d32522bc3d2ebe59d1fa46611d3369c96','tcastellsf7@rediff.com','0874567890',13,'tcastellsf7@rediff.com',3,1),(598,'Olivia','O\'Brien','cf8f0c0d32522bc3d2ebe59d1fa46611d3369c96','fleitchef8@patch.com','0863456789',28,'fleitchef8@patch.com',3,1),(599,'Jack','Doherty','cf8f0c0d32522bc3d2ebe59d1fa46611d3369c96','cbirkmyrf9@washingtonpost.com','0863456789',12,'cbirkmyrf9@washingtonpost.com',3,1),(600,'James','Walsh','cf8f0c0d32522bc3d2ebe59d1fa46611d3369c96','dburgillfa@livejournal.com','0863456789',31,'dburgillfa@livejournal.com',3,1),(601,'Sophia','O\'Brien','cf8f0c0d32522bc3d2ebe59d1fa46611d3369c96','rskillicornfb@so-net.ne.jp','0841234567',28,'rskillicornfb@so-net.ne.jp',3,1),(602,'Charlotte','O\'Brien','cf8f0c0d32522bc3d2ebe59d1fa46611d3369c96','nmcdonandfc@rediff.com','0852345678',13,'nmcdonandfc@rediff.com',3,1),(603,'James','Doherty','cf8f0c0d32522bc3d2ebe59d1fa46611d3369c96','revittfd@answers.com','0863456789',36,'revittfd@answers.com',3,1),(604,'Ava','Murphy','cf8f0c0d32522bc3d2ebe59d1fa46611d3369c96','crotteryfe@twitpic.com','0863456789',24,'crotteryfe@twitpic.com',3,1),(605,'Isabella','Sullivan','cf8f0c0d32522bc3d2ebe59d1fa46611d3369c96','mlotheringtonff@hubpages.com','0852345678',3,'mlotheringtonff@hubpages.com',3,1),(606,'Luke','Lynch','cf8f0c0d32522bc3d2ebe59d1fa46611d3369c96','rdigwoodfg@barnesandnoble.com','0863456789',18,'rdigwoodfg@barnesandnoble.com',3,1),(607,'Amelia','Walsh','cf8f0c0d32522bc3d2ebe59d1fa46611d3369c96','ekeynesfh@berkeley.edu','0874567890',28,'ekeynesfh@berkeley.edu',3,1),(608,'Liam','O\'Brien','cf8f0c0d32522bc3d2ebe59d1fa46611d3369c96','tshovelbottomfi@gizmodo.com','0874567890',18,'tshovelbottomfi@gizmodo.com',3,1),(609,'Emma','Kennedy','cf8f0c0d32522bc3d2ebe59d1fa46611d3369c96','tmcmeekingfj@scribd.com','0863456789',14,'tmcmeekingfj@scribd.com',3,1),(610,'Ethan','Byrne','cf8f0c0d32522bc3d2ebe59d1fa46611d3369c96','smainlandfk@360.cn','0841234567',20,'smainlandfk@360.cn',3,1),(611,'Charlotte','Ryan','cf8f0c0d32522bc3d2ebe59d1fa46611d3369c96','nragdalefl@list-manage.com','0874567890',28,'nragdalefl@list-manage.com',3,1),(612,'Noah','Walsh','cf8f0c0d32522bc3d2ebe59d1fa46611d3369c96','shuntressfm@si.edu','0852345678',7,'shuntressfm@si.edu',3,1),(613,'Liam','Murphy','cf8f0c0d32522bc3d2ebe59d1fa46611d3369c96','seadsfn@skype.com','0863456789',5,'seadsfn@skype.com',3,1),(614,'Olivia','Ryan','cf8f0c0d32522bc3d2ebe59d1fa46611d3369c96','ktolcherfo@hao123.com','0852345678',22,'ktolcherfo@hao123.com',3,1),(615,'Mia','Lynch','cf8f0c0d32522bc3d2ebe59d1fa46611d3369c96','nbenningfp@parallels.com','0841234567',29,'nbenningfp@parallels.com',3,1),(616,'Emma','O\'Brien','cf8f0c0d32522bc3d2ebe59d1fa46611d3369c96','wwasonfq@hc360.com','0852345678',22,'wwasonfq@hc360.com',3,1),(617,'Noah','Kennedy','cf8f0c0d32522bc3d2ebe59d1fa46611d3369c96','cingryfr@weibo.com','0852345678',36,'cingryfr@weibo.com',3,1),(618,'Ella','Byrne','cf8f0c0d32522bc3d2ebe59d1fa46611d3369c96','steasefs@hp.com','0874567890',23,'steasefs@hp.com',3,1),(619,'Luke','Kelly','cf8f0c0d32522bc3d2ebe59d1fa46611d3369c96','rvicarft@fotki.com','0863456789',36,'rvicarft@fotki.com',3,1),(620,'Noah','Walsh','cf8f0c0d32522bc3d2ebe59d1fa46611d3369c96','msesonfu@cargocollective.com','0874567890',27,'msesonfu@cargocollective.com',3,1),(621,'Mia','Lynch','cf8f0c0d32522bc3d2ebe59d1fa46611d3369c96','gpurchallfv@shutterfly.com','0863456789',14,'gpurchallfv@shutterfly.com',3,1),(622,'Isabella','Sullivan','cf8f0c0d32522bc3d2ebe59d1fa46611d3369c96','sjiranfw@blogs.com','0841234567',19,'sjiranfw@blogs.com',3,1),(623,'Charlotte','Doherty','cf8f0c0d32522bc3d2ebe59d1fa46611d3369c96','sitzchakifx@usatoday.com','0852345678',33,'sitzchakifx@usatoday.com',3,1),(624,'Emma','Walsh','cf8f0c0d32522bc3d2ebe59d1fa46611d3369c96','llydiatefy@cdc.gov','0863456789',29,'llydiatefy@cdc.gov',3,1),(625,'Luke','Kennedy','cf8f0c0d32522bc3d2ebe59d1fa46611d3369c96','pmcilwainfz@domainmarket.com','0874567890',27,'pmcilwainfz@domainmarket.com',3,1),(626,'Luke','Doherty','cf8f0c0d32522bc3d2ebe59d1fa46611d3369c96','klavalleg0@mlb.com','0863456789',26,'klavalleg0@mlb.com',3,1),(627,'Ella','Ryan','cf8f0c0d32522bc3d2ebe59d1fa46611d3369c96','gjoseferg1@yandex.ru','0874567890',36,'gjoseferg1@yandex.ru',3,1),(628,'Sophia','Sullivan','cf8f0c0d32522bc3d2ebe59d1fa46611d3369c96','bpuckinghorneg2@reddit.com','0841234567',2,'bpuckinghorneg2@reddit.com',3,1),(629,'Ella','Doherty','cf8f0c0d32522bc3d2ebe59d1fa46611d3369c96','jsleightholmeg3@wisc.edu','0863456789',35,'jsleightholmeg3@wisc.edu',3,1),(630,'Mia','Lynch','cf8f0c0d32522bc3d2ebe59d1fa46611d3369c96','bsibthorpeg4@twitter.com','0863456789',15,'bsibthorpeg4@twitter.com',3,1),(631,'Liam','Walsh','cf8f0c0d32522bc3d2ebe59d1fa46611d3369c96','ogrogg5@cbc.ca','0841234567',12,'ogrogg5@cbc.ca',3,1),(632,'Ava','Murphy','cf8f0c0d32522bc3d2ebe59d1fa46611d3369c96','srollasong6@biblegateway.com','0874567890',33,'srollasong6@biblegateway.com',3,1),(633,'Charlotte','Kelly','cf8f0c0d32522bc3d2ebe59d1fa46611d3369c96','cbergstramg7@digg.com','0841234567',34,'cbergstramg7@digg.com',3,1),(634,'Noah','Doherty','cf8f0c0d32522bc3d2ebe59d1fa46611d3369c96','tbenedictog8@tuttocitta.it','0841234567',37,'tbenedictog8@tuttocitta.it',3,1),(635,'Liam','Sullivan','cf8f0c0d32522bc3d2ebe59d1fa46611d3369c96','ryannikovg9@4shared.com','0841234567',4,'ryannikovg9@4shared.com',3,1),(636,'Emma','Byrne','cf8f0c0d32522bc3d2ebe59d1fa46611d3369c96','jflorioga@opensource.org','0841234567',25,'jflorioga@opensource.org',3,1),(637,'Emma','Kennedy','cf8f0c0d32522bc3d2ebe59d1fa46611d3369c96','hpaasogb@gmpg.org','0874567890',36,'hpaasogb@gmpg.org',3,1),(638,'Ella','Kelly','cf8f0c0d32522bc3d2ebe59d1fa46611d3369c96','nlackeyegc@mapy.cz','0852345678',19,'nlackeyegc@mapy.cz',3,1),(639,'William','Walsh','cf8f0c0d32522bc3d2ebe59d1fa46611d3369c96','escoggangd@gmpg.org','0874567890',37,'escoggangd@gmpg.org',3,1),(640,'Luke','O\'Brien','cf8f0c0d32522bc3d2ebe59d1fa46611d3369c96','cmcnabbge@ft.com','0874567890',34,'cmcnabbge@ft.com',3,1),(641,'Emma','O\'Brien','cf8f0c0d32522bc3d2ebe59d1fa46611d3369c96','gcockegf@rambler.ru','0852345678',9,'gcockegf@rambler.ru',3,1),(642,'Ethan','Doherty','cf8f0c0d32522bc3d2ebe59d1fa46611d3369c96','jgligorigg@ibm.com','0841234567',2,'jgligorigg@ibm.com',3,1),(643,'William','Doherty','cf8f0c0d32522bc3d2ebe59d1fa46611d3369c96','mhuntlygh@hc360.com','0863456789',27,'mhuntlygh@hc360.com',3,1),(644,'Emma','Murphy','cf8f0c0d32522bc3d2ebe59d1fa46611d3369c96','ocolquytegi@nytimes.com','0863456789',17,'ocolquytegi@nytimes.com',3,1),(645,'Ethan','Walsh','cf8f0c0d32522bc3d2ebe59d1fa46611d3369c96','nvischigj@mozilla.org','0841234567',6,'nvischigj@mozilla.org',3,1),(646,'Luke','Murphy','cf8f0c0d32522bc3d2ebe59d1fa46611d3369c96','bzimmermeistergk@twitter.com','0841234567',7,'bzimmermeistergk@twitter.com',3,1),(647,'Mia','Sullivan','cf8f0c0d32522bc3d2ebe59d1fa46611d3369c96','cfilonieregl@washingtonpost.com','0874567890',14,'cfilonieregl@washingtonpost.com',3,1),(648,'Charlotte','O\'Brien','cf8f0c0d32522bc3d2ebe59d1fa46611d3369c96','apadfieldgm@huffingtonpost.com','0863456789',22,'apadfieldgm@huffingtonpost.com',3,1),(649,'Jack','Lynch','cf8f0c0d32522bc3d2ebe59d1fa46611d3369c96','saddamsgn@sourceforge.net','0874567890',6,'saddamsgn@sourceforge.net',3,1),(650,'Noah','Byrne','cf8f0c0d32522bc3d2ebe59d1fa46611d3369c96','lmandellgo@jiathis.com','0863456789',11,'lmandellgo@jiathis.com',3,1),(651,'Ella','Kelly','cf8f0c0d32522bc3d2ebe59d1fa46611d3369c96','dgonzalogp@fema.gov','0874567890',13,'dgonzalogp@fema.gov',3,1),(652,'James','Byrne','cf8f0c0d32522bc3d2ebe59d1fa46611d3369c96','fpechagq@blogtalkradio.com','0874567890',6,'fpechagq@blogtalkradio.com',3,1),(653,'Ethan','Kelly','cf8f0c0d32522bc3d2ebe59d1fa46611d3369c96','kseymarkgr@ucla.edu','0863456789',10,'kseymarkgr@ucla.edu',3,1),(654,'Noah','Lynch','cf8f0c0d32522bc3d2ebe59d1fa46611d3369c96','hschrotergs@wix.com','0852345678',3,'hschrotergs@wix.com',3,1),(655,'James','Byrne','cf8f0c0d32522bc3d2ebe59d1fa46611d3369c96','cpavolinigt@harvard.edu','0852345678',14,'cpavolinigt@harvard.edu',3,1),(656,'James','Lynch','cf8f0c0d32522bc3d2ebe59d1fa46611d3369c96','aclabburngu@studiopress.com','0874567890',29,'aclabburngu@studiopress.com',3,1),(657,'Sophia','Doherty','cf8f0c0d32522bc3d2ebe59d1fa46611d3369c96','nshimmansgv@slideshare.net','0863456789',19,'nshimmansgv@slideshare.net',3,1),(658,'Isabella','Sullivan','cf8f0c0d32522bc3d2ebe59d1fa46611d3369c96','mpollicotegw@rakuten.co.jp','0841234567',16,'mpollicotegw@rakuten.co.jp',3,1),(659,'Charlotte','Sullivan','cf8f0c0d32522bc3d2ebe59d1fa46611d3369c96','ctommasuzzigx@marriott.com','0874567890',7,'ctommasuzzigx@marriott.com',3,1),(660,'Mia','Kelly','cf8f0c0d32522bc3d2ebe59d1fa46611d3369c96','mbenjamingy@buzzfeed.com','0852345678',13,'mbenjamingy@buzzfeed.com',3,1),(661,'Ava','Lynch','cf8f0c0d32522bc3d2ebe59d1fa46611d3369c96','bmarquessgz@ycombinator.com','0841234567',20,'bmarquessgz@ycombinator.com',3,1),(662,'Isabella','Lynch','cf8f0c0d32522bc3d2ebe59d1fa46611d3369c96','cpostiansh0@netvibes.com','0874567890',3,'cpostiansh0@netvibes.com',3,1),(663,'Noah','Kennedy','cf8f0c0d32522bc3d2ebe59d1fa46611d3369c96','bvlasenkovh1@timesonline.co.uk','0863456789',14,'bvlasenkovh1@timesonline.co.uk',3,1),(664,'Sophia','Kelly','cf8f0c0d32522bc3d2ebe59d1fa46611d3369c96','kbarstowh2@yandex.ru','0841234567',27,'kbarstowh2@yandex.ru',3,1),(665,'Mia','O\'Brien','cf8f0c0d32522bc3d2ebe59d1fa46611d3369c96','crishbrookh3@indiegogo.com','0863456789',8,'crishbrookh3@indiegogo.com',3,1),(666,'Ethan','Murphy','cf8f0c0d32522bc3d2ebe59d1fa46611d3369c96','fherculesonh4@linkedin.com','0852345678',2,'fherculesonh4@linkedin.com',3,1),(667,'Luke','Lynch','cf8f0c0d32522bc3d2ebe59d1fa46611d3369c96','dhumphriesh5@businesswire.com','0863456789',3,'dhumphriesh5@businesswire.com',3,1),(668,'Liam','Walsh','cf8f0c0d32522bc3d2ebe59d1fa46611d3369c96','bcottuh6@ovh.net','0863456789',2,'bcottuh6@ovh.net',3,1),(669,'William','Kelly','cf8f0c0d32522bc3d2ebe59d1fa46611d3369c96','lkenrickh7@youtube.com','0874567890',27,'lkenrickh7@youtube.com',3,1),(670,'Olivia','Murphy','cf8f0c0d32522bc3d2ebe59d1fa46611d3369c96','ldudmarshh8@nhs.uk','0874567890',9,'ldudmarshh8@nhs.uk',3,1),(671,'Ethan','Byrne','cf8f0c0d32522bc3d2ebe59d1fa46611d3369c96','rwhelbandh9@latimes.com','0852345678',19,'rwhelbandh9@latimes.com',3,1),(672,'Isabella','O\'Brien','cf8f0c0d32522bc3d2ebe59d1fa46611d3369c96','lcordeauha@wordpress.com','0874567890',29,'lcordeauha@wordpress.com',3,1),(673,'Mia','Kelly','cf8f0c0d32522bc3d2ebe59d1fa46611d3369c96','agarratthb@ebay.co.uk','0841234567',37,'agarratthb@ebay.co.uk',3,1),(674,'William','Kennedy','cf8f0c0d32522bc3d2ebe59d1fa46611d3369c96','dknightshc@salon.com','0863456789',24,'dknightshc@salon.com',3,1),(675,'Olivia','Walsh','cf8f0c0d32522bc3d2ebe59d1fa46611d3369c96','llineshd@theguardian.com','0852345678',12,'llineshd@theguardian.com',3,1),(676,'Emma','Ryan','cf8f0c0d32522bc3d2ebe59d1fa46611d3369c96','acammackehe@yelp.com','0874567890',34,'acammackehe@yelp.com',3,1),(677,'Amelia','Murphy','cf8f0c0d32522bc3d2ebe59d1fa46611d3369c96','aschonfeldhf@elegantthemes.com','0874567890',37,'aschonfeldhf@elegantthemes.com',3,1),(678,'Noah','Murphy','cf8f0c0d32522bc3d2ebe59d1fa46611d3369c96','ehammondhg@usda.gov','0863456789',31,'ehammondhg@usda.gov',3,1),(679,'Amelia','Doherty','cf8f0c0d32522bc3d2ebe59d1fa46611d3369c96','bwhelptonhh@bloomberg.com','0863456789',11,'bwhelptonhh@bloomberg.com',3,1),(680,'Liam','Kennedy','cf8f0c0d32522bc3d2ebe59d1fa46611d3369c96','jwalchhi@wufoo.com','0863456789',33,'jwalchhi@wufoo.com',3,1),(681,'Emma','Lynch','cf8f0c0d32522bc3d2ebe59d1fa46611d3369c96','cthomasonhj@delicious.com','0863456789',31,'cthomasonhj@delicious.com',3,1),(682,'Mia','Doherty','cf8f0c0d32522bc3d2ebe59d1fa46611d3369c96','cbartlehk@delicious.com','0841234567',5,'cbartlehk@delicious.com',3,1),(683,'Charlotte','Ryan','cf8f0c0d32522bc3d2ebe59d1fa46611d3369c96','kblaxterhl@ezinearticles.com','0852345678',18,'kblaxterhl@ezinearticles.com',3,1),(684,'Mia','Kelly','cf8f0c0d32522bc3d2ebe59d1fa46611d3369c96','smcnevinhm@vk.com','0874567890',1,'smcnevinhm@vk.com',3,1),(685,'Amelia','Doherty','cf8f0c0d32522bc3d2ebe59d1fa46611d3369c96','memmanuelhn@angelfire.com','0852345678',5,'memmanuelhn@angelfire.com',3,1),(686,'Amelia','Kelly','cf8f0c0d32522bc3d2ebe59d1fa46611d3369c96','ssextoneho@psu.edu','0874567890',36,'ssextoneho@psu.edu',3,1),(687,'Olivia','Ryan','cf8f0c0d32522bc3d2ebe59d1fa46611d3369c96','gsalerghp@sogou.com','0841234567',6,'gsalerghp@sogou.com',3,1),(688,'Emma','Byrne','cf8f0c0d32522bc3d2ebe59d1fa46611d3369c96','meslingerhq@jugem.jp','0874567890',12,'meslingerhq@jugem.jp',3,1),(689,'Liam','Lynch','cf8f0c0d32522bc3d2ebe59d1fa46611d3369c96','atreswellhr@unc.edu','0874567890',33,'atreswellhr@unc.edu',3,1),(690,'Sophia','Walsh','cf8f0c0d32522bc3d2ebe59d1fa46611d3369c96','ppygotths@uol.com.br','0863456789',26,'ppygotths@uol.com.br',3,1),(691,'Liam','Sullivan','cf8f0c0d32522bc3d2ebe59d1fa46611d3369c96','maitchisonht@google.com.au','0874567890',11,'maitchisonht@google.com.au',3,1),(692,'Amelia','Doherty','cf8f0c0d32522bc3d2ebe59d1fa46611d3369c96','jolunnyhu@mapquest.com','0852345678',7,'jolunnyhu@mapquest.com',3,1),(693,'Olivia','Murphy','cf8f0c0d32522bc3d2ebe59d1fa46611d3369c96','mdandohv@sciencedirect.com','0841234567',31,'mdandohv@sciencedirect.com',3,1),(694,'Liam','Lynch','cf8f0c0d32522bc3d2ebe59d1fa46611d3369c96','fharcehw@wufoo.com','0874567890',35,'fharcehw@wufoo.com',3,1),(695,'Charlotte','Ryan','cf8f0c0d32522bc3d2ebe59d1fa46611d3369c96','pwoollardhx@ted.com','0841234567',28,'pwoollardhx@ted.com',3,1),(696,'Ava','O\'Brien','cf8f0c0d32522bc3d2ebe59d1fa46611d3369c96','bdartanhy@cbc.ca','0874567890',10,'bdartanhy@cbc.ca',3,1),(697,'James','Byrne','cf8f0c0d32522bc3d2ebe59d1fa46611d3369c96','sbeazeyhz@eepurl.com','0874567890',26,'sbeazeyhz@eepurl.com',3,1),(698,'Isabella','Walsh','cf8f0c0d32522bc3d2ebe59d1fa46611d3369c96','pfelli0@freewebs.com','0863456789',16,'pfelli0@freewebs.com',3,1),(699,'Mia','Walsh','cf8f0c0d32522bc3d2ebe59d1fa46611d3369c96','dmaccreai1@tripod.com','0874567890',12,'dmaccreai1@tripod.com',3,1),(700,'Mia','Kelly','cf8f0c0d32522bc3d2ebe59d1fa46611d3369c96','hgettinsi2@e-recht24.de','0852345678',36,'hgettinsi2@e-recht24.de',3,1),(701,'Ethan','Doherty','cf8f0c0d32522bc3d2ebe59d1fa46611d3369c96','bshellibeeri3@people.com.cn','0852345678',6,'bshellibeeri3@people.com.cn',3,1),(702,'Ella','Walsh','cf8f0c0d32522bc3d2ebe59d1fa46611d3369c96','apereirai4@ucla.edu','0874567890',22,'apereirai4@ucla.edu',3,1),(703,'Emma','Kennedy','cf8f0c0d32522bc3d2ebe59d1fa46611d3369c96','mtinglyi5@google.com.hk','0841234567',20,'mtinglyi5@google.com.hk',3,1),(704,'Noah','Walsh','cf8f0c0d32522bc3d2ebe59d1fa46611d3369c96','jmacnucatori6@bbb.org','0852345678',11,'jmacnucatori6@bbb.org',3,1),(705,'Noah','Byrne','cf8f0c0d32522bc3d2ebe59d1fa46611d3369c96','alombardoi7@ebay.com','0874567890',28,'alombardoi7@ebay.com',3,1),(706,'Ella','Kelly','cf8f0c0d32522bc3d2ebe59d1fa46611d3369c96','sbaiylei8@chron.com','0852345678',34,'sbaiylei8@chron.com',3,1),(707,'Ethan','Byrne','cf8f0c0d32522bc3d2ebe59d1fa46611d3369c96','mbrabenderi9@ucoz.ru','0852345678',6,'mbrabenderi9@ucoz.ru',3,1),(708,'James','Murphy','cf8f0c0d32522bc3d2ebe59d1fa46611d3369c96','nwoltersia@reverbnation.com','0874567890',22,'nwoltersia@reverbnation.com',3,1),(709,'Noah','Doherty','cf8f0c0d32522bc3d2ebe59d1fa46611d3369c96','jdurranceib@jimdo.com','0863456789',9,'jdurranceib@jimdo.com',3,1),(710,'Ella','Kelly','cf8f0c0d32522bc3d2ebe59d1fa46611d3369c96','dfrantsevic@aboutads.info','0852345678',20,'dfrantsevic@aboutads.info',3,1),(711,'Luke','Sullivan','cf8f0c0d32522bc3d2ebe59d1fa46611d3369c96','chazleid@huffingtonpost.com','0863456789',25,'chazleid@huffingtonpost.com',3,1),(712,'Isabella','Byrne','cf8f0c0d32522bc3d2ebe59d1fa46611d3369c96','tbattramie@biblegateway.com','0841234567',15,'tbattramie@biblegateway.com',3,1),(713,'Ella','Murphy','cf8f0c0d32522bc3d2ebe59d1fa46611d3369c96','mmerlinif@live.com','0852345678',21,'mmerlinif@live.com',3,1),(714,'Jack','O\'Brien','cf8f0c0d32522bc3d2ebe59d1fa46611d3369c96','mchapellowig@yelp.com','0863456789',33,'mchapellowig@yelp.com',3,1),(715,'Olivia','O\'Brien','cf8f0c0d32522bc3d2ebe59d1fa46611d3369c96','tliffeyih@yellowbook.com','0852345678',32,'tliffeyih@yellowbook.com',3,1),(716,'Emma','Lynch','cf8f0c0d32522bc3d2ebe59d1fa46611d3369c96','wformoyii@mozilla.org','0852345678',4,'wformoyii@mozilla.org',3,1),(717,'Olivia','Kelly','cf8f0c0d32522bc3d2ebe59d1fa46611d3369c96','jmacmenaminij@ft.com','0874567890',3,'jmacmenaminij@ft.com',3,1),(718,'Jack','Kelly','cf8f0c0d32522bc3d2ebe59d1fa46611d3369c96','sshorbrookik@dot.gov','0852345678',7,'sshorbrookik@dot.gov',3,1),(719,'Mia','Doherty','cf8f0c0d32522bc3d2ebe59d1fa46611d3369c96','iscotchmeril@tmall.com','0874567890',24,'iscotchmeril@tmall.com',3,1),(720,'James','Kelly','cf8f0c0d32522bc3d2ebe59d1fa46611d3369c96','tclewleyim@nature.com','0874567890',9,'tclewleyim@nature.com',3,1),(721,'Charlotte','Sullivan','cf8f0c0d32522bc3d2ebe59d1fa46611d3369c96','mfoffanoin@mail.ru','0852345678',28,'mfoffanoin@mail.ru',3,1),(722,'Amelia','Walsh','cf8f0c0d32522bc3d2ebe59d1fa46611d3369c96','bcrowdaceio@goo.ne.jp','0841234567',29,'bcrowdaceio@goo.ne.jp',3,1),(723,'Emma','Ryan','cf8f0c0d32522bc3d2ebe59d1fa46611d3369c96','mchilleyip@newsvine.com','0841234567',37,'mchilleyip@newsvine.com',3,1),(724,'Luke','Ryan','cf8f0c0d32522bc3d2ebe59d1fa46611d3369c96','cgerwoodiq@blinklist.com','0863456789',5,'cgerwoodiq@blinklist.com',3,1),(725,'Ethan','Ryan','cf8f0c0d32522bc3d2ebe59d1fa46611d3369c96','rariesir@dmoz.org','0852345678',3,'rariesir@dmoz.org',3,1),(726,'Noah','Sullivan','cf8f0c0d32522bc3d2ebe59d1fa46611d3369c96','epealingis@flickr.com','0863456789',2,'epealingis@flickr.com',3,1),(727,'William','Lynch','cf8f0c0d32522bc3d2ebe59d1fa46611d3369c96','kgansbuhlerit@independent.co.uk','0841234567',28,'kgansbuhlerit@independent.co.uk',3,1),(728,'Luke','O\'Brien','cf8f0c0d32522bc3d2ebe59d1fa46611d3369c96','mfilochoviu@dion.ne.jp','0863456789',17,'mfilochoviu@dion.ne.jp',3,1),(729,'William','Lynch','cf8f0c0d32522bc3d2ebe59d1fa46611d3369c96','pbritneyiv@xing.com','0874567890',1,'pbritneyiv@xing.com',3,1),(730,'Olivia','Kennedy','cf8f0c0d32522bc3d2ebe59d1fa46611d3369c96','ralgieiw@vkontakte.ru','0863456789',16,'ralgieiw@vkontakte.ru',3,1),(731,'James','Byrne','cf8f0c0d32522bc3d2ebe59d1fa46611d3369c96','bembletonix@g.co','0863456789',31,'bembletonix@g.co',3,1),(732,'Luke','Kennedy','cf8f0c0d32522bc3d2ebe59d1fa46611d3369c96','zbonifazioiy@zimbio.com','0852345678',34,'zbonifazioiy@zimbio.com',3,1),(733,'William','Kelly','cf8f0c0d32522bc3d2ebe59d1fa46611d3369c96','ksumbleriz@nih.gov','0852345678',31,'ksumbleriz@nih.gov',3,1),(734,'Liam','Walsh','cf8f0c0d32522bc3d2ebe59d1fa46611d3369c96','aevensj0@webnode.com','0874567890',36,'aevensj0@webnode.com',3,1),(735,'William','Kennedy','cf8f0c0d32522bc3d2ebe59d1fa46611d3369c96','cdenneyj1@yelp.com','0863456789',34,'cdenneyj1@yelp.com',3,1),(736,'Ella','O\'Brien','cf8f0c0d32522bc3d2ebe59d1fa46611d3369c96','pbussonsj2@ning.com','0874567890',26,'pbussonsj2@ning.com',3,1),(737,'Amelia','O\'Brien','cf8f0c0d32522bc3d2ebe59d1fa46611d3369c96','cboaterj3@upenn.edu','0874567890',11,'cboaterj3@upenn.edu',3,1),(738,'Olivia','Sullivan','cf8f0c0d32522bc3d2ebe59d1fa46611d3369c96','glanahanj4@topsy.com','0874567890',7,'glanahanj4@topsy.com',3,1),(739,'Isabella','Doherty','cf8f0c0d32522bc3d2ebe59d1fa46611d3369c96','otopingj5@storify.com','0852345678',34,'otopingj5@storify.com',3,1),(740,'Olivia','O\'Brien','cf8f0c0d32522bc3d2ebe59d1fa46611d3369c96','dcrudgej6@bloomberg.com','0841234567',5,'dcrudgej6@bloomberg.com',3,1),(741,'Ethan','Kennedy','cf8f0c0d32522bc3d2ebe59d1fa46611d3369c96','kburgherj7@feedburner.com','0874567890',25,'kburgherj7@feedburner.com',3,1),(742,'Olivia','Ryan','cf8f0c0d32522bc3d2ebe59d1fa46611d3369c96','jchristophlej8@fc2.com','0852345678',23,'jchristophlej8@fc2.com',3,1),(743,'Noah','O\'Brien','cf8f0c0d32522bc3d2ebe59d1fa46611d3369c96','cmacgillej9@smugmug.com','0852345678',26,'cmacgillej9@smugmug.com',3,1),(744,'Olivia','Doherty','cf8f0c0d32522bc3d2ebe59d1fa46611d3369c96','hpilmoorja@cloudflare.com','0874567890',7,'hpilmoorja@cloudflare.com',3,1),(745,'Isabella','Kennedy','cf8f0c0d32522bc3d2ebe59d1fa46611d3369c96','mbonwelljb@quantcast.com','0841234567',9,'mbonwelljb@quantcast.com',3,1),(746,'Isabella','Byrne','cf8f0c0d32522bc3d2ebe59d1fa46611d3369c96','kduffieldjc@fastcompany.com','0863456789',10,'kduffieldjc@fastcompany.com',3,1),(747,'Ava','Doherty','cf8f0c0d32522bc3d2ebe59d1fa46611d3369c96','mdumphreyjd@aol.com','0874567890',18,'mdumphreyjd@aol.com',3,1),(748,'Olivia','Doherty','cf8f0c0d32522bc3d2ebe59d1fa46611d3369c96','rpuddanje@umich.edu','0852345678',15,'rpuddanje@umich.edu',3,1),(749,'Jack','Byrne','cf8f0c0d32522bc3d2ebe59d1fa46611d3369c96','vmathiassenjf@mozilla.com','0841234567',16,'vmathiassenjf@mozilla.com',3,1),(750,'Luke','Walsh','cf8f0c0d32522bc3d2ebe59d1fa46611d3369c96','cjusterjg@time.com','0852345678',32,'cjusterjg@time.com',3,1),(751,'Olivia','Byrne','cf8f0c0d32522bc3d2ebe59d1fa46611d3369c96','njakovijevicjh@quantcast.com','0852345678',24,'njakovijevicjh@quantcast.com',3,1),(752,'Luke','Byrne','cf8f0c0d32522bc3d2ebe59d1fa46611d3369c96','clefevreji@360.cn','0863456789',29,'clefevreji@360.cn',3,1),(753,'Ava','Lynch','cf8f0c0d32522bc3d2ebe59d1fa46611d3369c96','hbuxeyjj@sourceforge.net','0863456789',30,'hbuxeyjj@sourceforge.net',3,1),(754,'William','Byrne','cf8f0c0d32522bc3d2ebe59d1fa46611d3369c96','areemejk@businessweek.com','0863456789',11,'areemejk@businessweek.com',3,1),(755,'Ava','Doherty','cf8f0c0d32522bc3d2ebe59d1fa46611d3369c96','vwilderjl@mail.ru','0852345678',9,'vwilderjl@mail.ru',3,1),(756,'William','Murphy','cf8f0c0d32522bc3d2ebe59d1fa46611d3369c96','hperschkejm@gnu.org','0874567890',14,'hperschkejm@gnu.org',3,1),(757,'James','O\'Brien','cf8f0c0d32522bc3d2ebe59d1fa46611d3369c96','strahmeljn@blog.com','0863456789',16,'strahmeljn@blog.com',3,1),(758,'Isabella','O\'Brien','cf8f0c0d32522bc3d2ebe59d1fa46611d3369c96','bdallenderjo@sakura.ne.jp','0852345678',7,'bdallenderjo@sakura.ne.jp',3,1),(759,'Olivia','Kelly','cf8f0c0d32522bc3d2ebe59d1fa46611d3369c96','dhammondsjp@boston.com','0863456789',11,'dhammondsjp@boston.com',3,1),(760,'Ella','Walsh','cf8f0c0d32522bc3d2ebe59d1fa46611d3369c96','iawdryjq@usgs.gov','0841234567',31,'iawdryjq@usgs.gov',3,1),(761,'Luke','Ryan','cf8f0c0d32522bc3d2ebe59d1fa46611d3369c96','mtothjr@ucoz.com','0841234567',29,'mtothjr@ucoz.com',3,1),(762,'Mia','Sullivan','cf8f0c0d32522bc3d2ebe59d1fa46611d3369c96','babberleyjs@unesco.org','0841234567',6,'babberleyjs@unesco.org',3,1),(763,'Jack','Kelly','cf8f0c0d32522bc3d2ebe59d1fa46611d3369c96','ahinkensjt@comsenz.com','0874567890',8,'ahinkensjt@comsenz.com',3,1),(764,'James','Kelly','cf8f0c0d32522bc3d2ebe59d1fa46611d3369c96','jmoriartyju@blogspot.com','0852345678',21,'jmoriartyju@blogspot.com',3,1),(765,'Olivia','Ryan','cf8f0c0d32522bc3d2ebe59d1fa46611d3369c96','jclailjv@vinaora.com','0863456789',26,'jclailjv@vinaora.com',3,1),(766,'Sophia','Doherty','cf8f0c0d32522bc3d2ebe59d1fa46611d3369c96','dhoofejw@hibu.com','0874567890',19,'dhoofejw@hibu.com',3,1),(767,'Charlotte','Sullivan','cf8f0c0d32522bc3d2ebe59d1fa46611d3369c96','rjarrettejx@npr.org','0841234567',5,'rjarrettejx@npr.org',3,1),(768,'Sophia','Ryan','cf8f0c0d32522bc3d2ebe59d1fa46611d3369c96','cferrerasjy@narod.ru','0852345678',27,'cferrerasjy@narod.ru',3,1),(769,'Ella','Murphy','cf8f0c0d32522bc3d2ebe59d1fa46611d3369c96','gburgumjz@theatlantic.com','0874567890',37,'gburgumjz@theatlantic.com',3,1),(770,'Isabella','Kennedy','cf8f0c0d32522bc3d2ebe59d1fa46611d3369c96','acowterdk0@wp.com','0863456789',29,'acowterdk0@wp.com',3,1),(771,'Ava','Murphy','cf8f0c0d32522bc3d2ebe59d1fa46611d3369c96','afairallk1@bing.com','0852345678',29,'afairallk1@bing.com',3,1),(772,'Liam','Kennedy','cf8f0c0d32522bc3d2ebe59d1fa46611d3369c96','gthickettk2@google.co.uk','0874567890',4,'gthickettk2@google.co.uk',3,1),(773,'Ava','Byrne','cf8f0c0d32522bc3d2ebe59d1fa46611d3369c96','jaseefk3@wikipedia.org','0863456789',27,'jaseefk3@wikipedia.org',3,1),(774,'Sophia','Lynch','cf8f0c0d32522bc3d2ebe59d1fa46611d3369c96','ishavek4@addthis.com','0863456789',29,'ishavek4@addthis.com',3,1),(775,'Luke','Sullivan','cf8f0c0d32522bc3d2ebe59d1fa46611d3369c96','braynesk5@narod.ru','0863456789',15,'braynesk5@narod.ru',3,1),(776,'Emma','Ryan','cf8f0c0d32522bc3d2ebe59d1fa46611d3369c96','tmosconek6@prnewswire.com','0863456789',26,'tmosconek6@prnewswire.com',3,1),(777,'Ella','O\'Brien','cf8f0c0d32522bc3d2ebe59d1fa46611d3369c96','eantoniottiik7@tmall.com','0863456789',7,'eantoniottiik7@tmall.com',3,1),(778,'Liam','O\'Brien','cf8f0c0d32522bc3d2ebe59d1fa46611d3369c96','pausellok8@unesco.org','0874567890',18,'pausellok8@unesco.org',3,1),(779,'James','Kelly','cf8f0c0d32522bc3d2ebe59d1fa46611d3369c96','hguihenk9@uiuc.edu','0852345678',37,'hguihenk9@uiuc.edu',3,1),(780,'Mia','Lynch','cf8f0c0d32522bc3d2ebe59d1fa46611d3369c96','glowensohnka@tripod.com','0863456789',3,'glowensohnka@tripod.com',3,1),(781,'James','Byrne','cf8f0c0d32522bc3d2ebe59d1fa46611d3369c96','mflemmingkb@cocolog-nifty.com','0841234567',8,'mflemmingkb@cocolog-nifty.com',3,1),(782,'Liam','Kelly','cf8f0c0d32522bc3d2ebe59d1fa46611d3369c96','lsprowlekc@liveinternet.ru','0874567890',7,'lsprowlekc@liveinternet.ru',3,1),(783,'Mia','Lynch','cf8f0c0d32522bc3d2ebe59d1fa46611d3369c96','gbrookziekd@whitehouse.gov','0852345678',28,'gbrookziekd@whitehouse.gov',3,1),(784,'Amelia','Kelly','cf8f0c0d32522bc3d2ebe59d1fa46611d3369c96','pelvishke@imageshack.us','0863456789',8,'pelvishke@imageshack.us',3,1),(785,'James','O\'Brien','cf8f0c0d32522bc3d2ebe59d1fa46611d3369c96','eterzokf@unesco.org','0852345678',28,'eterzokf@unesco.org',3,1),(786,'Ella','Murphy','cf8f0c0d32522bc3d2ebe59d1fa46611d3369c96','plonghornkg@blogger.com','0874567890',7,'plonghornkg@blogger.com',3,1),(787,'Amelia','Sullivan','cf8f0c0d32522bc3d2ebe59d1fa46611d3369c96','acharrettekh@sourceforge.net','0874567890',26,'acharrettekh@sourceforge.net',3,1),(788,'Jack','Kennedy','cf8f0c0d32522bc3d2ebe59d1fa46611d3369c96','amccathyki@ted.com','0841234567',23,'amccathyki@ted.com',3,1),(789,'Ava','Lynch','cf8f0c0d32522bc3d2ebe59d1fa46611d3369c96','dtownsendkj@comsenz.com','0841234567',6,'dtownsendkj@comsenz.com',3,1),(790,'Luke','Ryan','cf8f0c0d32522bc3d2ebe59d1fa46611d3369c96','ndeschellekk@prweb.com','0852345678',22,'ndeschellekk@prweb.com',3,1),(791,'Amelia','Walsh','cf8f0c0d32522bc3d2ebe59d1fa46611d3369c96','tpalingkl@hugedomains.com','0841234567',29,'tpalingkl@hugedomains.com',3,1),(792,'Ava','Kennedy','cf8f0c0d32522bc3d2ebe59d1fa46611d3369c96','mmckinnonkm@hibu.com','0863456789',17,'mmckinnonkm@hibu.com',3,1),(793,'Charlotte','Ryan','cf8f0c0d32522bc3d2ebe59d1fa46611d3369c96','eruffleskn@businesswire.com','0852345678',7,'eruffleskn@businesswire.com',3,1),(794,'Noah','Murphy','cf8f0c0d32522bc3d2ebe59d1fa46611d3369c96','bdeboickko@biglobe.ne.jp','0863456789',15,'bdeboickko@biglobe.ne.jp',3,1),(795,'Sophia','O\'Brien','cf8f0c0d32522bc3d2ebe59d1fa46611d3369c96','wgayforthkp@people.com.cn','0841234567',22,'wgayforthkp@people.com.cn',3,1),(796,'Amelia','Byrne','cf8f0c0d32522bc3d2ebe59d1fa46611d3369c96','mnyssenskq@yahoo.com','0863456789',10,'mnyssenskq@yahoo.com',3,1),(797,'William','Byrne','cf8f0c0d32522bc3d2ebe59d1fa46611d3369c96','brootskr@webnode.com','0863456789',25,'brootskr@webnode.com',3,1),(798,'Olivia','Kelly','cf8f0c0d32522bc3d2ebe59d1fa46611d3369c96','sraddenburyks@zdnet.com','0863456789',18,'sraddenburyks@zdnet.com',3,1),(799,'Jack','Byrne','cf8f0c0d32522bc3d2ebe59d1fa46611d3369c96','ftreharnekt@tuttocitta.it','0863456789',32,'ftreharnekt@tuttocitta.it',3,1),(800,'Ella','Doherty','cf8f0c0d32522bc3d2ebe59d1fa46611d3369c96','dbarnewelleku@reference.com','0863456789',31,'dbarnewelleku@reference.com',3,1),(801,'Liam','Kelly','cf8f0c0d32522bc3d2ebe59d1fa46611d3369c96','jsnasdellkv@cloudflare.com','0852345678',10,'jsnasdellkv@cloudflare.com',3,1),(802,'Amelia','Lynch','cf8f0c0d32522bc3d2ebe59d1fa46611d3369c96','rtousonkw@cargocollective.com','0863456789',34,'rtousonkw@cargocollective.com',3,1),(803,'Olivia','Kennedy','cf8f0c0d32522bc3d2ebe59d1fa46611d3369c96','ucannavankx@devhub.com','0852345678',4,'ucannavankx@devhub.com',3,1),(804,'Charlotte','O\'Brien','cf8f0c0d32522bc3d2ebe59d1fa46611d3369c96','lwoofendellky@redcross.org','0863456789',23,'lwoofendellky@redcross.org',3,1),(805,'William','Walsh','cf8f0c0d32522bc3d2ebe59d1fa46611d3369c96','dkellockkz@bluehost.com','0874567890',26,'dkellockkz@bluehost.com',3,1),(806,'Amelia','Byrne','cf8f0c0d32522bc3d2ebe59d1fa46611d3369c96','rgallegol0@squidoo.com','0874567890',7,'rgallegol0@squidoo.com',3,1),(807,'Amelia','Kelly','cf8f0c0d32522bc3d2ebe59d1fa46611d3369c96','phaburnel1@umn.edu','0874567890',6,'phaburnel1@umn.edu',3,1),(808,'James','Walsh','cf8f0c0d32522bc3d2ebe59d1fa46611d3369c96','jtynnanl2@51.la','0841234567',36,'jtynnanl2@51.la',3,1),(809,'Mia','Walsh','cf8f0c0d32522bc3d2ebe59d1fa46611d3369c96','minnocentl3@sourceforge.net','0863456789',21,'minnocentl3@sourceforge.net',3,1),(810,'Mia','Kennedy','cf8f0c0d32522bc3d2ebe59d1fa46611d3369c96','areisensteinl4@mozilla.org','0863456789',27,'areisensteinl4@mozilla.org',3,1),(811,'Olivia','Kennedy','cf8f0c0d32522bc3d2ebe59d1fa46611d3369c96','sdecrusel5@timesonline.co.uk','0841234567',34,'sdecrusel5@timesonline.co.uk',3,1),(812,'James','Murphy','cf8f0c0d32522bc3d2ebe59d1fa46611d3369c96','dduffyl6@marketwatch.com','0852345678',17,'dduffyl6@marketwatch.com',3,1),(813,'Emma','Kelly','cf8f0c0d32522bc3d2ebe59d1fa46611d3369c96','clardierl7@naver.com','0852345678',30,'clardierl7@naver.com',3,1),(814,'Mia','Sullivan','cf8f0c0d32522bc3d2ebe59d1fa46611d3369c96','idrooganl8@salon.com','0863456789',26,'idrooganl8@salon.com',3,1),(815,'Ella','Doherty','cf8f0c0d32522bc3d2ebe59d1fa46611d3369c96','slawerencel9@de.vu','0874567890',12,'slawerencel9@de.vu',3,1),(816,'Amelia','Byrne','cf8f0c0d32522bc3d2ebe59d1fa46611d3369c96','bhawksworthla@posterous.com','0852345678',19,'bhawksworthla@posterous.com',3,1),(817,'Amelia','Walsh','cf8f0c0d32522bc3d2ebe59d1fa46611d3369c96','bgreenleeslb@shinystat.com','0841234567',27,'bgreenleeslb@shinystat.com',3,1),(818,'Ava','Kelly','cf8f0c0d32522bc3d2ebe59d1fa46611d3369c96','dcoyshlc@shareasale.com','0874567890',16,'dcoyshlc@shareasale.com',3,1),(819,'Ella','Kelly','cf8f0c0d32522bc3d2ebe59d1fa46611d3369c96','godroughtld@zdnet.com','0874567890',13,'godroughtld@zdnet.com',3,1),(820,'Noah','Kennedy','cf8f0c0d32522bc3d2ebe59d1fa46611d3369c96','rlamkele@icio.us','0852345678',18,'rlamkele@icio.us',3,1),(821,'Emma','Doherty','cf8f0c0d32522bc3d2ebe59d1fa46611d3369c96','kblackmuirlf@ucla.edu','0841234567',23,'kblackmuirlf@ucla.edu',3,1),(822,'Mia','Murphy','cf8f0c0d32522bc3d2ebe59d1fa46611d3369c96','lploughwrightlg@simplemachines.org','0874567890',36,'lploughwrightlg@simplemachines.org',3,1),(823,'Noah','Kennedy','cf8f0c0d32522bc3d2ebe59d1fa46611d3369c96','nvasyushkhinlh@cpanel.net','0863456789',33,'nvasyushkhinlh@cpanel.net',3,1),(824,'Ava','Lynch','cf8f0c0d32522bc3d2ebe59d1fa46611d3369c96','pcattrallli@istockphoto.com','0874567890',17,'pcattrallli@istockphoto.com',3,1),(825,'Luke','Lynch','cf8f0c0d32522bc3d2ebe59d1fa46611d3369c96','chutchasonlj@bravesites.com','0841234567',8,'chutchasonlj@bravesites.com',3,1),(826,'Amelia','Byrne','cf8f0c0d32522bc3d2ebe59d1fa46611d3369c96','mbeamandlk@economist.com','0874567890',26,'mbeamandlk@economist.com',3,1),(827,'Ethan','Lynch','cf8f0c0d32522bc3d2ebe59d1fa46611d3369c96','gpinneyll@adobe.com','0841234567',10,'gpinneyll@adobe.com',3,1),(828,'James','Kennedy','cf8f0c0d32522bc3d2ebe59d1fa46611d3369c96','cwratelm@simplemachines.org','0874567890',8,'cwratelm@simplemachines.org',3,1),(829,'Isabella','Doherty','cf8f0c0d32522bc3d2ebe59d1fa46611d3369c96','dgoodlattln@prlog.org','0852345678',20,'dgoodlattln@prlog.org',3,1),(830,'Ethan','Ryan','cf8f0c0d32522bc3d2ebe59d1fa46611d3369c96','msiaspinskilo@list-manage.com','0841234567',19,'msiaspinskilo@list-manage.com',3,1),(831,'Ethan','Doherty','cf8f0c0d32522bc3d2ebe59d1fa46611d3369c96','hbrydelp@skyrock.com','0863456789',6,'hbrydelp@skyrock.com',3,1),(832,'Luke','Sullivan','cf8f0c0d32522bc3d2ebe59d1fa46611d3369c96','vweildlq@berkeley.edu','0841234567',33,'vweildlq@berkeley.edu',3,1),(833,'Ava','Lynch','cf8f0c0d32522bc3d2ebe59d1fa46611d3369c96','xperrottlr@salon.com','0852345678',6,'xperrottlr@salon.com',3,1),(834,'Emma','Walsh','cf8f0c0d32522bc3d2ebe59d1fa46611d3369c96','llanehamls@businessinsider.com','0863456789',15,'llanehamls@businessinsider.com',3,1),(835,'Amelia','Sullivan','cf8f0c0d32522bc3d2ebe59d1fa46611d3369c96','ajeannetlt@forbes.com','0841234567',37,'ajeannetlt@forbes.com',3,1),(836,'Emma','Walsh','cf8f0c0d32522bc3d2ebe59d1fa46611d3369c96','kantyukhinlu@kickstarter.com','0874567890',11,'kantyukhinlu@kickstarter.com',3,1),(837,'William','O\'Brien','cf8f0c0d32522bc3d2ebe59d1fa46611d3369c96','dkegginslv@skyrock.com','0852345678',28,'dkegginslv@skyrock.com',3,1),(838,'Liam','Lynch','cf8f0c0d32522bc3d2ebe59d1fa46611d3369c96','sbillinglw@aol.com','0841234567',34,'sbillinglw@aol.com',3,1),(839,'William','Murphy','cf8f0c0d32522bc3d2ebe59d1fa46611d3369c96','ecannavanlx@free.fr','0863456789',22,'ecannavanlx@free.fr',3,1),(840,'Ethan','Walsh','cf8f0c0d32522bc3d2ebe59d1fa46611d3369c96','ciacovonely@economist.com','0863456789',6,'ciacovonely@economist.com',3,1),(841,'Ella','Kelly','cf8f0c0d32522bc3d2ebe59d1fa46611d3369c96','zmatouslz@blogger.com','0852345678',33,'zmatouslz@blogger.com',3,1),(842,'James','Sullivan','cf8f0c0d32522bc3d2ebe59d1fa46611d3369c96','sbotemanm0@fema.gov','0852345678',1,'sbotemanm0@fema.gov',3,1),(843,'Emma','Byrne','cf8f0c0d32522bc3d2ebe59d1fa46611d3369c96','swreifordm1@plala.or.jp','0874567890',33,'swreifordm1@plala.or.jp',3,1),(844,'Isabella','Kennedy','cf8f0c0d32522bc3d2ebe59d1fa46611d3369c96','ttrebilcockm2@mashable.com','0841234567',4,'ttrebilcockm2@mashable.com',3,1),(845,'Charlotte','Doherty','cf8f0c0d32522bc3d2ebe59d1fa46611d3369c96','cbrindedm3@symantec.com','0852345678',3,'cbrindedm3@symantec.com',3,1),(846,'Mia','Kennedy','cf8f0c0d32522bc3d2ebe59d1fa46611d3369c96','eleakm4@sogou.com','0874567890',29,'eleakm4@sogou.com',3,1),(847,'James','Byrne','cf8f0c0d32522bc3d2ebe59d1fa46611d3369c96','snormantm5@jimdo.com','0863456789',36,'snormantm5@jimdo.com',3,1),(848,'Charlotte','Kelly','cf8f0c0d32522bc3d2ebe59d1fa46611d3369c96','clanstonm6@twitpic.com','0841234567',20,'clanstonm6@twitpic.com',3,1),(849,'Luke','Lynch','cf8f0c0d32522bc3d2ebe59d1fa46611d3369c96','ewodhamm7@columbia.edu','0841234567',23,'ewodhamm7@columbia.edu',3,1),(850,'Emma','Sullivan','cf8f0c0d32522bc3d2ebe59d1fa46611d3369c96','flonghornem8@miibeian.gov.cn','0841234567',6,'flonghornem8@miibeian.gov.cn',3,1),(851,'Amelia','Doherty','cf8f0c0d32522bc3d2ebe59d1fa46611d3369c96','fropkinsm9@bloglines.com','0863456789',23,'fropkinsm9@bloglines.com',3,1),(852,'Charlotte','Lynch','cf8f0c0d32522bc3d2ebe59d1fa46611d3369c96','redelheitma@smugmug.com','0874567890',3,'redelheitma@smugmug.com',3,1),(853,'Mia','Kelly','cf8f0c0d32522bc3d2ebe59d1fa46611d3369c96','dvalerimb@ihg.com','0874567890',23,'dvalerimb@ihg.com',3,1),(854,'James','Byrne','cf8f0c0d32522bc3d2ebe59d1fa46611d3369c96','epethermc@ezinearticles.com','0863456789',23,'epethermc@ezinearticles.com',3,1),(855,'Ethan','Murphy','cf8f0c0d32522bc3d2ebe59d1fa46611d3369c96','mdunbavinmd@squidoo.com','0841234567',19,'mdunbavinmd@squidoo.com',3,1),(856,'Amelia','Murphy','cf8f0c0d32522bc3d2ebe59d1fa46611d3369c96','tshurvilleme@surveymonkey.com','0841234567',16,'tshurvilleme@surveymonkey.com',3,1),(857,'James','Murphy','cf8f0c0d32522bc3d2ebe59d1fa46611d3369c96','rsawlemf@businessweek.com','0841234567',17,'rsawlemf@businessweek.com',3,1),(858,'Liam','Kennedy','cf8f0c0d32522bc3d2ebe59d1fa46611d3369c96','jorbinemg@shop-pro.jp','0841234567',18,'jorbinemg@shop-pro.jp',3,1),(859,'Noah','Sullivan','cf8f0c0d32522bc3d2ebe59d1fa46611d3369c96','tdillingstonemh@ning.com','0863456789',4,'tdillingstonemh@ning.com',3,1),(860,'William','Kennedy','cf8f0c0d32522bc3d2ebe59d1fa46611d3369c96','ocoymi@reddit.com','0841234567',26,'ocoymi@reddit.com',3,1),(861,'Ava','Doherty','cf8f0c0d32522bc3d2ebe59d1fa46611d3369c96','mburrelmj@umich.edu','0863456789',2,'mburrelmj@umich.edu',3,1),(862,'Ella','O\'Brien','cf8f0c0d32522bc3d2ebe59d1fa46611d3369c96','lbalfremk@usnews.com','0852345678',17,'lbalfremk@usnews.com',3,1),(863,'William','Ryan','cf8f0c0d32522bc3d2ebe59d1fa46611d3369c96','kdeblasiml@newyorker.com','0874567890',24,'kdeblasiml@newyorker.com',3,1),(864,'Jack','Sullivan','cf8f0c0d32522bc3d2ebe59d1fa46611d3369c96','jmacfallmm@admin.ch','0841234567',25,'jmacfallmm@admin.ch',3,1),(865,'Mia','Lynch','cf8f0c0d32522bc3d2ebe59d1fa46611d3369c96','fdargiemn@pcworld.com','0874567890',4,'fdargiemn@pcworld.com',3,1),(866,'Olivia','Kelly','cf8f0c0d32522bc3d2ebe59d1fa46611d3369c96','vpatriamo@hexun.com','0852345678',20,'vpatriamo@hexun.com',3,1),(867,'Liam','Lynch','cf8f0c0d32522bc3d2ebe59d1fa46611d3369c96','thillummp@gizmodo.com','0874567890',27,'thillummp@gizmodo.com',3,1),(868,'Olivia','Ryan','cf8f0c0d32522bc3d2ebe59d1fa46611d3369c96','baskeymq@artisteer.com','0863456789',8,'baskeymq@artisteer.com',3,1),(869,'Mia','Ryan','cf8f0c0d32522bc3d2ebe59d1fa46611d3369c96','spaulsmr@flickr.com','0874567890',16,'spaulsmr@flickr.com',3,1),(870,'Ava','Doherty','cf8f0c0d32522bc3d2ebe59d1fa46611d3369c96','tmcgawnms@sohu.com','0841234567',3,'tmcgawnms@sohu.com',3,1),(871,'Ella','Lynch','cf8f0c0d32522bc3d2ebe59d1fa46611d3369c96','dhandesmt@phpbb.com','0852345678',7,'dhandesmt@phpbb.com',3,1),(872,'Mia','Sullivan','cf8f0c0d32522bc3d2ebe59d1fa46611d3369c96','skrauzemu@furl.net','0852345678',8,'skrauzemu@furl.net',3,1),(873,'Luke','Kennedy','cf8f0c0d32522bc3d2ebe59d1fa46611d3369c96','elemmertzmv@who.int','0852345678',22,'elemmertzmv@who.int',3,1),(874,'Noah','O\'Brien','cf8f0c0d32522bc3d2ebe59d1fa46611d3369c96','sbehningmw@oracle.com','0852345678',10,'sbehningmw@oracle.com',3,1),(875,'Ava','O\'Brien','cf8f0c0d32522bc3d2ebe59d1fa46611d3369c96','adilksmx@so-net.ne.jp','0874567890',33,'adilksmx@so-net.ne.jp',3,1),(876,'Ethan','Lynch','cf8f0c0d32522bc3d2ebe59d1fa46611d3369c96','riacovuzzimy@slate.com','0841234567',12,'riacovuzzimy@slate.com',3,1),(877,'Liam','Sullivan','cf8f0c0d32522bc3d2ebe59d1fa46611d3369c96','hwatmoremz@naver.com','0841234567',18,'hwatmoremz@naver.com',3,1),(878,'Luke','Kelly','cf8f0c0d32522bc3d2ebe59d1fa46611d3369c96','tleathwoodn0@sakura.ne.jp','0874567890',26,'tleathwoodn0@sakura.ne.jp',3,1),(879,'Sophia','Kennedy','cf8f0c0d32522bc3d2ebe59d1fa46611d3369c96','jkeirlen1@list-manage.com','0863456789',30,'jkeirlen1@list-manage.com',3,1),(880,'Jack','O\'Brien','cf8f0c0d32522bc3d2ebe59d1fa46611d3369c96','dlauretn2@telegraph.co.uk','0874567890',35,'dlauretn2@telegraph.co.uk',3,1),(881,'Liam','Kennedy','cf8f0c0d32522bc3d2ebe59d1fa46611d3369c96','jwalduckn3@thetimes.co.uk','0874567890',21,'jwalduckn3@thetimes.co.uk',3,1),(882,'Charlotte','Doherty','cf8f0c0d32522bc3d2ebe59d1fa46611d3369c96','hadamczewskin4@wikia.com','0863456789',29,'hadamczewskin4@wikia.com',3,1),(883,'Amelia','Kelly','cf8f0c0d32522bc3d2ebe59d1fa46611d3369c96','fbreedyn5@hexun.com','0841234567',31,'fbreedyn5@hexun.com',3,1),(884,'Mia','Kelly','cf8f0c0d32522bc3d2ebe59d1fa46611d3369c96','dbreffitn6@theatlantic.com','0852345678',9,'dbreffitn6@theatlantic.com',3,1),(885,'Mia','Kelly','cf8f0c0d32522bc3d2ebe59d1fa46611d3369c96','ybleezen7@state.gov','0874567890',24,'ybleezen7@state.gov',3,1),(886,'Ella','Byrne','cf8f0c0d32522bc3d2ebe59d1fa46611d3369c96','dfrickern8@nsw.gov.au','0841234567',16,'dfrickern8@nsw.gov.au',3,1),(887,'Sophia','Sullivan','cf8f0c0d32522bc3d2ebe59d1fa46611d3369c96','hhedonn9@ask.com','0852345678',14,'hhedonn9@ask.com',3,1),(888,'Jack','Murphy','cf8f0c0d32522bc3d2ebe59d1fa46611d3369c96','cdinanna@noaa.gov','0874567890',7,'cdinanna@noaa.gov',3,1),(889,'Isabella','Kennedy','cf8f0c0d32522bc3d2ebe59d1fa46611d3369c96','dseednb@microsoft.com','0874567890',3,'dseednb@microsoft.com',3,1),(890,'Mia','Kelly','cf8f0c0d32522bc3d2ebe59d1fa46611d3369c96','cbentonnc@youtube.com','0874567890',32,'cbentonnc@youtube.com',3,1),(891,'Noah','Kennedy','cf8f0c0d32522bc3d2ebe59d1fa46611d3369c96','bpepind@businessweek.com','0841234567',6,'bpepind@businessweek.com',3,1),(892,'Emma','Ryan','cf8f0c0d32522bc3d2ebe59d1fa46611d3369c96','jrichfordne@scribd.com','0863456789',29,'jrichfordne@scribd.com',3,1),(893,'Sophia','Ryan','cf8f0c0d32522bc3d2ebe59d1fa46611d3369c96','dstablenf@t.co','0863456789',6,'dstablenf@t.co',3,1),(894,'Ethan','O\'Brien','cf8f0c0d32522bc3d2ebe59d1fa46611d3369c96','randreassonng@wsj.com','0852345678',2,'randreassonng@wsj.com',3,1),(895,'James','Byrne','cf8f0c0d32522bc3d2ebe59d1fa46611d3369c96','craggattnh@nytimes.com','0874567890',35,'craggattnh@nytimes.com',3,1),(896,'William','Ryan','cf8f0c0d32522bc3d2ebe59d1fa46611d3369c96','jwortersni@sohu.com','0874567890',11,'jwortersni@sohu.com',3,1),(897,'Ethan','Walsh','cf8f0c0d32522bc3d2ebe59d1fa46611d3369c96','qtrailnj@yale.edu','0874567890',12,'qtrailnj@yale.edu',3,1),(898,'William','Sullivan','cf8f0c0d32522bc3d2ebe59d1fa46611d3369c96','rrhucroftnk@shutterfly.com','0863456789',11,'rrhucroftnk@shutterfly.com',3,1),(899,'James','Byrne','cf8f0c0d32522bc3d2ebe59d1fa46611d3369c96','cbetonnl@yahoo.com','0841234567',9,'cbetonnl@yahoo.com',3,1),(900,'Ava','Byrne','cf8f0c0d32522bc3d2ebe59d1fa46611d3369c96','idanovichnm@homestead.com','0852345678',32,'idanovichnm@homestead.com',3,1),(901,'Isabella','Murphy','cf8f0c0d32522bc3d2ebe59d1fa46611d3369c96','lupsalenn@cafepress.com','0841234567',20,'lupsalenn@cafepress.com',3,1),(902,'Sophia','Kelly','cf8f0c0d32522bc3d2ebe59d1fa46611d3369c96','athorbonno@webmd.com','0863456789',16,'athorbonno@webmd.com',3,1),(903,'James','Byrne','cf8f0c0d32522bc3d2ebe59d1fa46611d3369c96','btukelynp@ocn.ne.jp','0841234567',22,'btukelynp@ocn.ne.jp',3,1),(904,'Noah','O\'Brien','cf8f0c0d32522bc3d2ebe59d1fa46611d3369c96','dchillcotnq@mail.ru','0863456789',36,'dchillcotnq@mail.ru',3,1),(905,'Ethan','Ryan','cf8f0c0d32522bc3d2ebe59d1fa46611d3369c96','tdudillnr@pcworld.com','0874567890',4,'tdudillnr@pcworld.com',3,1),(906,'Noah','O\'Brien','cf8f0c0d32522bc3d2ebe59d1fa46611d3369c96','kcastagnonens@epa.gov','0841234567',17,'kcastagnonens@epa.gov',3,1),(907,'Ethan','O\'Brien','cf8f0c0d32522bc3d2ebe59d1fa46611d3369c96','tfewellnt@exblog.jp','0874567890',15,'tfewellnt@exblog.jp',3,1),(908,'William','Kennedy','cf8f0c0d32522bc3d2ebe59d1fa46611d3369c96','tdrewsnu@163.com','0863456789',35,'tdrewsnu@163.com',3,1),(909,'Luke','Sullivan','cf8f0c0d32522bc3d2ebe59d1fa46611d3369c96','cpinwellnv@parallels.com','0841234567',14,'cpinwellnv@parallels.com',3,1),(910,'William','Lynch','cf8f0c0d32522bc3d2ebe59d1fa46611d3369c96','dskainnw@t.co','0852345678',20,'dskainnw@t.co',3,1),(911,'Luke','Kelly','cf8f0c0d32522bc3d2ebe59d1fa46611d3369c96','tewellsnx@phpbb.com','0863456789',10,'tewellsnx@phpbb.com',3,1),(912,'Charlotte','Kelly','cf8f0c0d32522bc3d2ebe59d1fa46611d3369c96','dwhinesny@europa.eu','0841234567',29,'dwhinesny@europa.eu',3,1),(913,'Isabella','Murphy','cf8f0c0d32522bc3d2ebe59d1fa46611d3369c96','mcailnz@ucsd.edu','0841234567',26,'mcailnz@ucsd.edu',3,1),(914,'Ella','Doherty','cf8f0c0d32522bc3d2ebe59d1fa46611d3369c96','ssamtero0@stumbleupon.com','0852345678',4,'ssamtero0@stumbleupon.com',3,1),(915,'Liam','O\'Brien','cf8f0c0d32522bc3d2ebe59d1fa46611d3369c96','nclaitono1@ibm.com','0852345678',8,'nclaitono1@ibm.com',3,1),(916,'Ella','Lynch','cf8f0c0d32522bc3d2ebe59d1fa46611d3369c96','marnholtzo2@miitbeian.gov.cn','0874567890',35,'marnholtzo2@miitbeian.gov.cn',3,1),(917,'Noah','Ryan','cf8f0c0d32522bc3d2ebe59d1fa46611d3369c96','cdymockeo3@ovh.net','0874567890',25,'cdymockeo3@ovh.net',3,1),(918,'Ava','Murphy','cf8f0c0d32522bc3d2ebe59d1fa46611d3369c96','oskittrealo4@adobe.com','0841234567',10,'oskittrealo4@adobe.com',3,1),(919,'Amelia','O\'Brien','cf8f0c0d32522bc3d2ebe59d1fa46611d3369c96','moccleshawo5@berkeley.edu','0852345678',16,'moccleshawo5@berkeley.edu',3,1),(920,'Mia','Kennedy','cf8f0c0d32522bc3d2ebe59d1fa46611d3369c96','nheiblo6@weibo.com','0874567890',23,'nheiblo6@weibo.com',3,1),(921,'Mia','Lynch','cf8f0c0d32522bc3d2ebe59d1fa46611d3369c96','shanhamo7@guardian.co.uk','0863456789',2,'shanhamo7@guardian.co.uk',3,1),(922,'Ethan','Murphy','cf8f0c0d32522bc3d2ebe59d1fa46611d3369c96','edilliwayo8@networksolutions.com','0863456789',15,'edilliwayo8@networksolutions.com',3,1),(923,'Mia','Kelly','cf8f0c0d32522bc3d2ebe59d1fa46611d3369c96','alancastleo9@ow.ly','0841234567',30,'alancastleo9@ow.ly',3,1),(924,'Ava','Murphy','cf8f0c0d32522bc3d2ebe59d1fa46611d3369c96','jgiovanittioa@360.cn','0874567890',6,'jgiovanittioa@360.cn',3,1),(925,'Ava','Kennedy','cf8f0c0d32522bc3d2ebe59d1fa46611d3369c96','ccasellaob@123-reg.co.uk','0874567890',23,'ccasellaob@123-reg.co.uk',3,1),(926,'Sophia','Byrne','cf8f0c0d32522bc3d2ebe59d1fa46611d3369c96','ynuttingoc@who.int','0874567890',24,'ynuttingoc@who.int',3,1),(927,'Emma','Byrne','cf8f0c0d32522bc3d2ebe59d1fa46611d3369c96','cshellibeerod@bloglines.com','0874567890',20,'cshellibeerod@bloglines.com',3,1),(928,'Jack','Kennedy','cf8f0c0d32522bc3d2ebe59d1fa46611d3369c96','meltonoe@phpbb.com','0841234567',24,'meltonoe@phpbb.com',3,1),(929,'Noah','Lynch','cf8f0c0d32522bc3d2ebe59d1fa46611d3369c96','bronchiof@theatlantic.com','0874567890',1,'bronchiof@theatlantic.com',3,1),(930,'Mia','Ryan','cf8f0c0d32522bc3d2ebe59d1fa46611d3369c96','giveyog@blogger.com','0852345678',10,'giveyog@blogger.com',3,1),(931,'Liam','O\'Brien','cf8f0c0d32522bc3d2ebe59d1fa46611d3369c96','lcopellooh@devhub.com','0841234567',18,'lcopellooh@devhub.com',3,1),(932,'Emma','Sullivan','cf8f0c0d32522bc3d2ebe59d1fa46611d3369c96','ctilberryoi@addtoany.com','0874567890',21,'ctilberryoi@addtoany.com',3,1),(933,'Olivia','Murphy','cf8f0c0d32522bc3d2ebe59d1fa46611d3369c96','gansilloj@umn.edu','0863456789',28,'gansilloj@umn.edu',3,1),(934,'Isabella','O\'Brien','cf8f0c0d32522bc3d2ebe59d1fa46611d3369c96','bhaughinok@diigo.com','0874567890',22,'bhaughinok@diigo.com',3,1),(935,'Sophia','Byrne','cf8f0c0d32522bc3d2ebe59d1fa46611d3369c96','pswanwickol@yale.edu','0841234567',17,'pswanwickol@yale.edu',3,1),(936,'Sophia','Kelly','cf8f0c0d32522bc3d2ebe59d1fa46611d3369c96','mgillingom@alexa.com','0863456789',19,'mgillingom@alexa.com',3,1),(937,'Ella','Murphy','cf8f0c0d32522bc3d2ebe59d1fa46611d3369c96','mmasereson@hugedomains.com','0874567890',33,'mmasereson@hugedomains.com',3,1),(938,'Charlotte','Lynch','cf8f0c0d32522bc3d2ebe59d1fa46611d3369c96','hdreheroo@weibo.com','0863456789',21,'hdreheroo@weibo.com',3,1),(939,'Charlotte','Kelly','cf8f0c0d32522bc3d2ebe59d1fa46611d3369c96','pmorradop@symantec.com','0863456789',5,'pmorradop@symantec.com',3,1),(940,'Amelia','Byrne','cf8f0c0d32522bc3d2ebe59d1fa46611d3369c96','bjosephsoq@howstuffworks.com','0852345678',30,'bjosephsoq@howstuffworks.com',3,1),(941,'Sophia','Kelly','cf8f0c0d32522bc3d2ebe59d1fa46611d3369c96','nleattor@reuters.com','0852345678',6,'nleattor@reuters.com',3,1),(942,'Jack','Murphy','cf8f0c0d32522bc3d2ebe59d1fa46611d3369c96','godooghaineos@ifeng.com','0852345678',5,'godooghaineos@ifeng.com',3,1),(943,'Ava','Kennedy','cf8f0c0d32522bc3d2ebe59d1fa46611d3369c96','abovairdot@discuz.net','0863456789',24,'abovairdot@discuz.net',3,1),(944,'Mia','Ryan','cf8f0c0d32522bc3d2ebe59d1fa46611d3369c96','ccleaveou@linkedin.com','0863456789',19,'ccleaveou@linkedin.com',3,1),(945,'Ethan','Kelly','cf8f0c0d32522bc3d2ebe59d1fa46611d3369c96','pmccamishov@i2i.jp','0874567890',26,'pmccamishov@i2i.jp',3,1),(946,'Ethan','Sullivan','cf8f0c0d32522bc3d2ebe59d1fa46611d3369c96','wvelezow@netscape.com','0863456789',14,'wvelezow@netscape.com',3,1),(947,'Jack','Murphy','cf8f0c0d32522bc3d2ebe59d1fa46611d3369c96','lsaywoodox@whitehouse.gov','0874567890',1,'lsaywoodox@whitehouse.gov',3,1),(948,'William','Lynch','cf8f0c0d32522bc3d2ebe59d1fa46611d3369c96','rhumerstoneoy@webeden.co.uk','0852345678',29,'rhumerstoneoy@webeden.co.uk',3,1),(949,'Isabella','Lynch','cf8f0c0d32522bc3d2ebe59d1fa46611d3369c96','csherwoodoz@businessweek.com','0841234567',22,'csherwoodoz@businessweek.com',3,1),(950,'Isabella','O\'Brien','cf8f0c0d32522bc3d2ebe59d1fa46611d3369c96','wtiptonp0@weather.com','0863456789',29,'wtiptonp0@weather.com',3,1),(951,'Ava','Doherty','cf8f0c0d32522bc3d2ebe59d1fa46611d3369c96','adevoielsp1@ovh.net','0841234567',13,'adevoielsp1@ovh.net',3,1),(952,'Charlotte','Lynch','cf8f0c0d32522bc3d2ebe59d1fa46611d3369c96','evarnhamp2@smh.com.au','0852345678',35,'evarnhamp2@smh.com.au',3,1),(953,'Jack','Murphy','cf8f0c0d32522bc3d2ebe59d1fa46611d3369c96','eeschep3@msu.edu','0852345678',25,'eeschep3@msu.edu',3,1),(954,'William','Murphy','cf8f0c0d32522bc3d2ebe59d1fa46611d3369c96','sschlagmanp4@state.tx.us','0841234567',21,'sschlagmanp4@state.tx.us',3,1),(955,'Ethan','Doherty','cf8f0c0d32522bc3d2ebe59d1fa46611d3369c96','haverayp5@goo.gl','0863456789',26,'haverayp5@goo.gl',3,1),(956,'Sophia','Doherty','cf8f0c0d32522bc3d2ebe59d1fa46611d3369c96','gsommerlingp6@twitpic.com','0874567890',36,'gsommerlingp6@twitpic.com',3,1),(957,'Ella','O\'Brien','cf8f0c0d32522bc3d2ebe59d1fa46611d3369c96','areevep7@usgs.gov','0874567890',17,'areevep7@usgs.gov',3,1),(958,'Olivia','Walsh','cf8f0c0d32522bc3d2ebe59d1fa46611d3369c96','srentollp8@wisc.edu','0863456789',2,'srentollp8@wisc.edu',3,1),(959,'Noah','Kelly','cf8f0c0d32522bc3d2ebe59d1fa46611d3369c96','cplowsp9@comcast.net','0874567890',20,'cplowsp9@comcast.net',3,1),(960,'Sophia','O\'Brien','cf8f0c0d32522bc3d2ebe59d1fa46611d3369c96','nosgerbypa@arizona.edu','0852345678',3,'nosgerbypa@arizona.edu',3,1),(961,'Ava','O\'Brien','cf8f0c0d32522bc3d2ebe59d1fa46611d3369c96','amillottpb@typepad.com','0841234567',4,'amillottpb@typepad.com',3,1),(962,'Isabella','Ryan','cf8f0c0d32522bc3d2ebe59d1fa46611d3369c96','rbidgodpc@shop-pro.jp','0852345678',2,'rbidgodpc@shop-pro.jp',3,1),(963,'William','Byrne','cf8f0c0d32522bc3d2ebe59d1fa46611d3369c96','kstowgillpd@so-net.ne.jp','0852345678',24,'kstowgillpd@so-net.ne.jp',3,1),(964,'Sophia','Ryan','cf8f0c0d32522bc3d2ebe59d1fa46611d3369c96','gboffinpe@tripadvisor.com','0841234567',19,'gboffinpe@tripadvisor.com',3,1),(965,'Sophia','Murphy','cf8f0c0d32522bc3d2ebe59d1fa46611d3369c96','dbreapf@prweb.com','0841234567',36,'dbreapf@prweb.com',3,1),(966,'Amelia','Walsh','cf8f0c0d32522bc3d2ebe59d1fa46611d3369c96','bselbornepg@google.co.jp','0852345678',6,'bselbornepg@google.co.jp',3,1),(967,'Amelia','Ryan','cf8f0c0d32522bc3d2ebe59d1fa46611d3369c96','edallowayph@cmu.edu','0863456789',33,'edallowayph@cmu.edu',3,1),(968,'William','Byrne','cf8f0c0d32522bc3d2ebe59d1fa46611d3369c96','measdonpi@microsoft.com','0874567890',10,'measdonpi@microsoft.com',3,1),(969,'Jack','Murphy','cf8f0c0d32522bc3d2ebe59d1fa46611d3369c96','vethridgepj@nasa.gov','0852345678',18,'vethridgepj@nasa.gov',3,1),(970,'Mia','Walsh','cf8f0c0d32522bc3d2ebe59d1fa46611d3369c96','adonatpk@seesaa.net','0841234567',25,'adonatpk@seesaa.net',3,1),(971,'Noah','Kelly','cf8f0c0d32522bc3d2ebe59d1fa46611d3369c96','acashellpl@instagram.com','0863456789',6,'acashellpl@instagram.com',3,1),(972,'Noah','Ryan','cf8f0c0d32522bc3d2ebe59d1fa46611d3369c96','kmaccarrickpm@icio.us','0863456789',24,'kmaccarrickpm@icio.us',3,1),(973,'Charlotte','Byrne','cf8f0c0d32522bc3d2ebe59d1fa46611d3369c96','camericipn@w3.org','0841234567',18,'camericipn@w3.org',3,1),(974,'James','Kelly','cf8f0c0d32522bc3d2ebe59d1fa46611d3369c96','sperlepo@bbc.co.uk','0874567890',28,'sperlepo@bbc.co.uk',3,1),(975,'Amelia','Doherty','cf8f0c0d32522bc3d2ebe59d1fa46611d3369c96','cdanniellpp@goo.ne.jp','0852345678',9,'cdanniellpp@goo.ne.jp',3,1),(976,'Isabella','Walsh','cf8f0c0d32522bc3d2ebe59d1fa46611d3369c96','jvaneypq@jugem.jp','0863456789',27,'jvaneypq@jugem.jp',3,1),(977,'Luke','Kelly','cf8f0c0d32522bc3d2ebe59d1fa46611d3369c96','dfirkspr@nationalgeographic.com','0852345678',9,'dfirkspr@nationalgeographic.com',3,1),(978,'James','Murphy','cf8f0c0d32522bc3d2ebe59d1fa46611d3369c96','nrattenburyps@jugem.jp','0874567890',34,'nrattenburyps@jugem.jp',3,1),(979,'Noah','O\'Brien','cf8f0c0d32522bc3d2ebe59d1fa46611d3369c96','lskarmanpt@cbslocal.com','0841234567',18,'lskarmanpt@cbslocal.com',3,1),(980,'Emma','O\'Brien','cf8f0c0d32522bc3d2ebe59d1fa46611d3369c96','dlawlespu@un.org','0874567890',37,'dlawlespu@un.org',3,1),(981,'Isabella','Walsh','cf8f0c0d32522bc3d2ebe59d1fa46611d3369c96','hlaslettpv@smugmug.com','0841234567',2,'hlaslettpv@smugmug.com',3,1),(982,'Noah','Kennedy','cf8f0c0d32522bc3d2ebe59d1fa46611d3369c96','hthirlwellpw@edublogs.org','0863456789',15,'hthirlwellpw@edublogs.org',3,1),(983,'James','Murphy','cf8f0c0d32522bc3d2ebe59d1fa46611d3369c96','litzkovicipx@uol.com.br','0874567890',9,'litzkovicipx@uol.com.br',3,1),(984,'William','Murphy','cf8f0c0d32522bc3d2ebe59d1fa46611d3369c96','shallowespy@dailymail.co.uk','0852345678',10,'shallowespy@dailymail.co.uk',3,1),(985,'Ethan','Sullivan','cf8f0c0d32522bc3d2ebe59d1fa46611d3369c96','ahenrysonpz@apache.org','0874567890',5,'ahenrysonpz@apache.org',3,1),(986,'Ella','Kelly','cf8f0c0d32522bc3d2ebe59d1fa46611d3369c96','gteodoroq0@behance.net','0841234567',9,'gteodoroq0@behance.net',3,1),(987,'Mia','Sullivan','cf8f0c0d32522bc3d2ebe59d1fa46611d3369c96','messamq1@usgs.gov','0852345678',21,'messamq1@usgs.gov',3,1),(988,'Noah','Lynch','cf8f0c0d32522bc3d2ebe59d1fa46611d3369c96','slubmanq2@w3.org','0852345678',14,'slubmanq2@w3.org',3,1),(989,'James','Lynch','cf8f0c0d32522bc3d2ebe59d1fa46611d3369c96','hhallawaysq3@china.com.cn','0863456789',37,'hhallawaysq3@china.com.cn',3,1),(990,'Ethan','Sullivan','cf8f0c0d32522bc3d2ebe59d1fa46611d3369c96','vmillinsq4@stanford.edu','0841234567',2,'vmillinsq4@stanford.edu',3,1),(991,'Mia','Doherty','cf8f0c0d32522bc3d2ebe59d1fa46611d3369c96','pbartoszewskiq5@hostgator.com','0841234567',15,'pbartoszewskiq5@hostgator.com',3,1),(992,'Liam','Doherty','cf8f0c0d32522bc3d2ebe59d1fa46611d3369c96','sianinottiq6@columbia.edu','0874567890',9,'sianinottiq6@columbia.edu',3,1),(993,'Mia','Kelly','cf8f0c0d32522bc3d2ebe59d1fa46611d3369c96','pertelq7@gnu.org','0852345678',12,'pertelq7@gnu.org',3,1),(994,'Sophia','Sullivan','cf8f0c0d32522bc3d2ebe59d1fa46611d3369c96','lmicheq8@sitemeter.com','0841234567',31,'lmicheq8@sitemeter.com',3,1),(995,'Olivia','Sullivan','cf8f0c0d32522bc3d2ebe59d1fa46611d3369c96','chuntingdonq9@ask.com','0863456789',1,'chuntingdonq9@ask.com',3,1),(996,'Amelia','Byrne','cf8f0c0d32522bc3d2ebe59d1fa46611d3369c96','lstroudqa@fastcompany.com','0863456789',33,'lstroudqa@fastcompany.com',3,1),(997,'Olivia','Doherty','cf8f0c0d32522bc3d2ebe59d1fa46611d3369c96','fkennetqb@mayoclinic.com','0874567890',12,'fkennetqb@mayoclinic.com',3,1),(998,'Noah','Byrne','cf8f0c0d32522bc3d2ebe59d1fa46611d3369c96','hburreeqc@google.com.hk','0874567890',24,'hburreeqc@google.com.hk',3,1),(999,'Ava','O\'Brien','cf8f0c0d32522bc3d2ebe59d1fa46611d3369c96','rcopcuttqd@com.com','0863456789',7,'rcopcuttqd@com.com',3,1),(1000,'Mia','Murphy','cf8f0c0d32522bc3d2ebe59d1fa46611d3369c96','rbrigstockqe@tinypic.com','0874567890',12,'rbrigstockqe@tinypic.com',3,1),(1001,'Ella','Walsh','cf8f0c0d32522bc3d2ebe59d1fa46611d3369c96','cfosdickqf@census.gov','0874567890',20,'cfosdickqf@census.gov',3,1),(1002,'Charlotte','Sullivan','cf8f0c0d32522bc3d2ebe59d1fa46611d3369c96','ptippinqg@disqus.com','0874567890',9,'ptippinqg@disqus.com',3,1),(1003,'Amelia','O\'Brien','cf8f0c0d32522bc3d2ebe59d1fa46611d3369c96','ggreenlessqh@google.ru','0852345678',29,'ggreenlessqh@google.ru',3,1),(1004,'Charlotte','Kennedy','cf8f0c0d32522bc3d2ebe59d1fa46611d3369c96','rspancockqi@wordpress.com','0852345678',27,'rspancockqi@wordpress.com',3,1),(1005,'William','Sullivan','cf8f0c0d32522bc3d2ebe59d1fa46611d3369c96','adisleyqj@statcounter.com','0852345678',8,'adisleyqj@statcounter.com',3,1),(1006,'Isabella','Walsh','cf8f0c0d32522bc3d2ebe59d1fa46611d3369c96','gheistermannqk@studiopress.com','0852345678',25,'gheistermannqk@studiopress.com',3,1),(1007,'Luke','Byrne','cf8f0c0d32522bc3d2ebe59d1fa46611d3369c96','ahaganql@instagram.com','0852345678',15,'ahaganql@instagram.com',3,1),(1008,'James','Sullivan','cf8f0c0d32522bc3d2ebe59d1fa46611d3369c96','echartmanqm@php.net','0863456789',7,'echartmanqm@php.net',3,1),(1009,'Isabella','Ryan','cf8f0c0d32522bc3d2ebe59d1fa46611d3369c96','geminsonqn@miitbeian.gov.cn','0841234567',36,'geminsonqn@miitbeian.gov.cn',3,1),(1010,'Noah','Kennedy','cf8f0c0d32522bc3d2ebe59d1fa46611d3369c96','ahubbockqo@geocities.com','0874567890',36,'ahubbockqo@geocities.com',3,1),(1011,'Amelia','Lynch','cf8f0c0d32522bc3d2ebe59d1fa46611d3369c96','nenrichqp@cloudflare.com','0841234567',24,'nenrichqp@cloudflare.com',3,1),(1012,'James','Kennedy','cf8f0c0d32522bc3d2ebe59d1fa46611d3369c96','lhaylockqq@cisco.com','0852345678',27,'lhaylockqq@cisco.com',3,1),(1013,'Charlotte','Kennedy','cf8f0c0d32522bc3d2ebe59d1fa46611d3369c96','dbedinnqr@eventbrite.com','0874567890',8,'dbedinnqr@eventbrite.com',3,1),(1014,'Ava','Doherty','cf8f0c0d32522bc3d2ebe59d1fa46611d3369c96','bhalliwellqs@blogs.com','0841234567',8,'bhalliwellqs@blogs.com',3,1),(1015,'Emma','Byrne','cf8f0c0d32522bc3d2ebe59d1fa46611d3369c96','cdurmanqt@answers.com','0863456789',14,'cdurmanqt@answers.com',3,1),(1016,'Amelia','Sullivan','cf8f0c0d32522bc3d2ebe59d1fa46611d3369c96','lmcgauhyqu@blogspot.com','0863456789',36,'lmcgauhyqu@blogspot.com',3,1),(1017,'James','Lynch','cf8f0c0d32522bc3d2ebe59d1fa46611d3369c96','jkirscheqv@canalblog.com','0852345678',10,'jkirscheqv@canalblog.com',3,1),(1018,'William','Walsh','cf8f0c0d32522bc3d2ebe59d1fa46611d3369c96','ckrojnqw@nymag.com','0863456789',37,'ckrojnqw@nymag.com',3,1),(1019,'Luke','Murphy','cf8f0c0d32522bc3d2ebe59d1fa46611d3369c96','acollabineqx@hud.gov','0874567890',29,'acollabineqx@hud.gov',3,1),(1020,'Mia','Sullivan','cf8f0c0d32522bc3d2ebe59d1fa46611d3369c96','cklasingqy@yandex.ru','0874567890',8,'cklasingqy@yandex.ru',3,1),(1021,'Luke','Byrne','cf8f0c0d32522bc3d2ebe59d1fa46611d3369c96','dleitherqz@stanford.edu','0852345678',2,'dleitherqz@stanford.edu',3,1),(1022,'Olivia','Kelly','cf8f0c0d32522bc3d2ebe59d1fa46611d3369c96','jwoodwardr0@photobucket.com','0841234567',36,'jwoodwardr0@photobucket.com',3,1),(1023,'Noah','Walsh','cf8f0c0d32522bc3d2ebe59d1fa46611d3369c96','rrheltonr1@hibu.com','0852345678',11,'rrheltonr1@hibu.com',3,1),(1024,'William','Doherty','cf8f0c0d32522bc3d2ebe59d1fa46611d3369c96','astreaterr2@sun.com','0863456789',17,'astreaterr2@sun.com',3,1),(1025,'Ava','Lynch','cf8f0c0d32522bc3d2ebe59d1fa46611d3369c96','nnickersonr3@nyu.edu','0874567890',15,'nnickersonr3@nyu.edu',3,1),(1026,'Charlotte','Sullivan','cf8f0c0d32522bc3d2ebe59d1fa46611d3369c96','avillar4@fda.gov','0852345678',34,'avillar4@fda.gov',3,1),(1027,'Amelia','Byrne','cf8f0c0d32522bc3d2ebe59d1fa46611d3369c96','aknottonr5@blogs.com','0874567890',31,'aknottonr5@blogs.com',3,1),(1028,'Jack','Kennedy','cf8f0c0d32522bc3d2ebe59d1fa46611d3369c96','sburcomber6@google.es','0841234567',22,'sburcomber6@google.es',3,1),(1029,'Ethan','Kelly','cf8f0c0d32522bc3d2ebe59d1fa46611d3369c96','mkiffr7@e-recht24.de','0863456789',31,'mkiffr7@e-recht24.de',3,1),(1030,'Luke','Lynch','cf8f0c0d32522bc3d2ebe59d1fa46611d3369c96','jzavattieror8@blogs.com','0841234567',31,'jzavattieror8@blogs.com',3,1),(1031,'Ava','Lynch','cf8f0c0d32522bc3d2ebe59d1fa46611d3369c96','truckertr9@ameblo.jp','0852345678',6,'truckertr9@ameblo.jp',3,1),(1032,'Emma','Byrne','cf8f0c0d32522bc3d2ebe59d1fa46611d3369c96','baubreyra@jimdo.com','0863456789',21,'baubreyra@jimdo.com',3,1),(1033,'Jack','O\'Brien','cf8f0c0d32522bc3d2ebe59d1fa46611d3369c96','bramptonrb@shop-pro.jp','0841234567',36,'bramptonrb@shop-pro.jp',3,1),(1034,'William','Kennedy','cf8f0c0d32522bc3d2ebe59d1fa46611d3369c96','ipridittrc@over-blog.com','0874567890',31,'ipridittrc@over-blog.com',3,1),(1035,'Charlotte','O\'Brien','cf8f0c0d32522bc3d2ebe59d1fa46611d3369c96','rpearcerd@theglobeandmail.com','0863456789',7,'rpearcerd@theglobeandmail.com',3,1),(1036,'Luke','Doherty','cf8f0c0d32522bc3d2ebe59d1fa46611d3369c96','wcollierre@auda.org.au','0852345678',26,'wcollierre@auda.org.au',3,1),(1037,'Jack','O\'Brien','cf8f0c0d32522bc3d2ebe59d1fa46611d3369c96','nlilerf@privacy.gov.au','0863456789',10,'nlilerf@privacy.gov.au',3,1),(1038,'Ella','Lynch','cf8f0c0d32522bc3d2ebe59d1fa46611d3369c96','rlambrichtrg@ucla.edu','0874567890',7,'rlambrichtrg@ucla.edu',3,1),(1039,'Sophia','Byrne','cf8f0c0d32522bc3d2ebe59d1fa46611d3369c96','scowderyrh@google.com.br','0841234567',14,'scowderyrh@google.com.br',3,1),(1040,'Ella','Lynch','cf8f0c0d32522bc3d2ebe59d1fa46611d3369c96','bpickeringri@github.io','0841234567',16,'bpickeringri@github.io',3,1),(1041,'Emma','Byrne','cf8f0c0d32522bc3d2ebe59d1fa46611d3369c96','bwilnerj@webs.com','0874567890',19,'bwilnerj@webs.com',3,1),(1042,'Ethan','Byrne','cf8f0c0d32522bc3d2ebe59d1fa46611d3369c96','bnorthroprk@wp.com','0852345678',1,'bnorthroprk@wp.com',3,1),(1043,'Charlotte','Byrne','cf8f0c0d32522bc3d2ebe59d1fa46611d3369c96','cfearnrl@slate.com','0852345678',30,'cfearnrl@slate.com',3,1),(1044,'Mia','Byrne','cf8f0c0d32522bc3d2ebe59d1fa46611d3369c96','klimerrm@51.la','0852345678',22,'klimerrm@51.la',3,1),(1045,'Sophia','Kennedy','cf8f0c0d32522bc3d2ebe59d1fa46611d3369c96','flipporn@g.co','0874567890',33,'flipporn@g.co',3,1),(1046,'Ethan','Walsh','cf8f0c0d32522bc3d2ebe59d1fa46611d3369c96','cscadingro@wikia.com','0852345678',15,'cscadingro@wikia.com',3,1),(1047,'Noah','Kennedy','cf8f0c0d32522bc3d2ebe59d1fa46611d3369c96','dcoxrp@hhs.gov','0841234567',35,'dcoxrp@hhs.gov',3,1),(1048,'Luke','Murphy','cf8f0c0d32522bc3d2ebe59d1fa46611d3369c96','lglynnrq@springer.com','0841234567',36,'lglynnrq@springer.com',3,1),(1049,'Amelia','Lynch','cf8f0c0d32522bc3d2ebe59d1fa46611d3369c96','zgremanerr@thetimes.co.uk','0841234567',34,'zgremanerr@thetimes.co.uk',3,1);
/*!40000 ALTER TABLE `user` ENABLE KEYS */;
UNLOCK TABLES;

--
-- Table structure for table `usertype`
--

DROP TABLE IF EXISTS `usertype`;
/*!40101 SET @saved_cs_client     = @@character_set_client */;
/*!40101 SET character_set_client = utf8 */;
CREATE TABLE `usertype` (
  `userTypeNr` int(11) NOT NULL,
  `userTypeDescr` varchar(45) NOT NULL DEFAULT 'UNKNOWN',
  PRIMARY KEY (`userTypeNr`)
) ENGINE=InnoDB DEFAULT CHARSET=latin1 COLLATE=latin1_swedish_ci;
/*!40101 SET character_set_client = @saved_cs_client */;

--
-- Dumping data for table `usertype`
--

LOCK TABLES `usertype` WRITE;
/*!40000 ALTER TABLE `usertype` DISABLE KEYS */;
INSERT INTO `usertype` VALUES (1,'ADMIN'),(2,'MANAGER'),(3,'CUSTOMER'),(99,'UNKNOWN');
/*!40000 ALTER TABLE `usertype` ENABLE KEYS */;
UNLOCK TABLES;

--
-- Dumping events for database 'k00999999_framework_16'
--

--
-- Dumping routines for database 'k00999999_framework_16'
--
/*!40103 SET TIME_ZONE=@OLD_TIME_ZONE */;

/*!40101 SET SQL_MODE=@OLD_SQL_MODE */;
/*!40014 SET FOREIGN_KEY_CHECKS=@OLD_FOREIGN_KEY_CHECKS */;
/*!40014 SET UNIQUE_CHECKS=@OLD_UNIQUE_CHECKS */;
/*!40101 SET CHARACTER_SET_CLIENT=@OLD_CHARACTER_SET_CLIENT */;
/*!40101 SET CHARACTER_SET_RESULTS=@OLD_CHARACTER_SET_RESULTS */;
/*!40101 SET COLLATION_CONNECTION=@OLD_COLLATION_CONNECTION */;
/*!40111 SET SQL_NOTES=@OLD_SQL_NOTES */;

-- Dump completed on 2024-03-01 11:20:03
